-- phpMyAdmin SQL Dump
-- version 4.8.0.1
-- https://www.phpmyadmin.net/
--
-- Host: 127.0.0.1
-- Generation Time: Dec 31, 2018 at 04:42 AM
-- Server version: 10.1.32-MariaDB
-- PHP Version: 5.6.36

SET SQL_MODE = "NO_AUTO_VALUE_ON_ZERO";
SET AUTOCOMMIT = 0;
START TRANSACTION;
SET time_zone = "+00:00";


/*!40101 SET @OLD_CHARACTER_SET_CLIENT=@@CHARACTER_SET_CLIENT */;
/*!40101 SET @OLD_CHARACTER_SET_RESULTS=@@CHARACTER_SET_RESULTS */;
/*!40101 SET @OLD_COLLATION_CONNECTION=@@COLLATION_CONNECTION */;
/*!40101 SET NAMES utf8mb4 */;

--
-- Database: `db_simkeu`
--

-- --------------------------------------------------------

--
-- Table structure for table `tb_akun`
--

CREATE TABLE `tb_akun` (
  `id_akun` int(15) NOT NULL,
  `id` int(15) NOT NULL,
  `username` varchar(35) NOT NULL,
  `password` varchar(50) NOT NULL,
  `level` varchar(15) NOT NULL
) ENGINE=InnoDB DEFAULT CHARSET=latin1;

--
-- Dumping data for table `tb_akun`
--

INSERT INTO `tb_akun` (`id_akun`, `id`, `username`, `password`, `level`) VALUES
(1, 1, 'LPA1', 'LPA1', 'Amil'),
(2, 2, 'LPA2', 'LPA2', 'Amil'),
(3, 3, 'LPA3', 'LPA3', 'Amil'),
(4, 4, 'LPA4', 'LPA4', 'Amil'),
(5, 1, 'LPMZ5', 'LPMZ5', 'Muzakki'),
(6, 2, 'LPMZ6', 'LPMZ6', 'Muzakki'),
(7, 3, 'LPMZ7', 'LPMZ7', 'Muzakki'),
(8, 4, 'LPMZ8', 'LPMZ8', 'Muzakki'),
(9, 5, 'LPMZ9', 'LPMZ9', 'Muzakki'),
(10, 6, 'LPMZ10', 'LPMZ10', 'Muzakki'),
(11, 7, 'LPMZ11', 'LPMZ11', 'Muzakki'),
(12, 8, 'LPMZ12', 'LPMZ12', 'Muzakki'),
(13, 9, 'LPMZ13', 'LPMZ13', 'Muzakki'),
(14, 10, 'LPMZ14', 'LPMZ14', 'Muzakki'),
(15, 11, 'LPMZ15', 'LPMZ15', 'Muzakki'),
(16, 12, 'LPMZ16', 'LPMZ16', 'Muzakki'),
(17, 13, 'LPMZ17', 'LPMZ17', 'Muzakki'),
(18, 14, 'LPMZ18', 'LPMZ18', 'Muzakki'),
(19, 15, 'LPMZ19', 'LPMZ19', 'Muzakki'),
(20, 16, 'LPMZ20', 'LPMZ20', 'Muzakki'),
(21, 17, 'LPMZ21', 'LPMZ21', 'Muzakki'),
(22, 18, 'LPMZ22', 'LPMZ22', 'Muzakki'),
(23, 19, 'LPMZ23', 'LPMZ23', 'Muzakki'),
(24, 20, 'LPMZ24', 'LPMZ24', 'Muzakki'),
(25, 21, 'LPMZ25', 'LPMZ25', 'Muzakki'),
(26, 22, 'LPMZ26', 'LPMZ26', 'Muzakki'),
(27, 23, 'LPMZ27', 'LPMZ27', 'Muzakki'),
(28, 24, 'LPMZ28', 'LPMZ28', 'Muzakki'),
(29, 25, 'LPMZ29', 'LPMZ29', 'Muzakki'),
(30, 26, 'LPMZ30', 'LPMZ30', 'Muzakki'),
(31, 27, 'LPMZ31', 'LPMZ31', 'Muzakki'),
(32, 28, 'LPMZ32', 'LPMZ32', 'Muzakki'),
(33, 29, 'LPMZ33', 'LPMZ33', 'Muzakki'),
(34, 30, 'LPMZ34', 'LPMZ34', 'Muzakki'),
(35, 31, 'LPMZ35', 'LPMZ35', 'Muzakki'),
(36, 32, 'LPMZ36', 'LPMZ36', 'Muzakki'),
(37, 33, 'LPMZ37', 'LPMZ37', 'Muzakki'),
(38, 34, 'LPMZ38', 'LPMZ38', 'Muzakki'),
(39, 35, 'LPMZ39', 'LPMZ39', 'Muzakki'),
(40, 36, 'LPMZ40', 'LPMZ40', 'Muzakki'),
(41, 37, 'LPMZ41', 'LPMZ41', 'Muzakki'),
(42, 38, 'LPMZ42', 'LPMZ42', 'Muzakki'),
(43, 39, 'LPMZ43', 'LPMZ43', 'Muzakki'),
(44, 40, 'LPMZ44', 'LPMZ44', 'Muzakki'),
(45, 41, 'LPMZ45', 'LPMZ45', 'Muzakki'),
(46, 42, 'LPMZ46', 'LPMZ46', 'Muzakki'),
(47, 43, 'LPMZ47', 'LPMZ47', 'Muzakki'),
(48, 44, 'LPMZ48', 'LPMZ48', 'Muzakki'),
(49, 45, 'LPMZ49', 'LPMZ49', 'Muzakki'),
(50, 46, 'LPMZ50', 'LPMZ50', 'Muzakki'),
(51, 47, 'LPMZ51', 'LPMZ51', 'Muzakki'),
(52, 48, 'LPMZ52', 'LPMZ52', 'Muzakki'),
(53, 49, 'LPMZ53', 'LPMZ53', 'Muzakki'),
(54, 50, 'LPMZ54', 'LPMZ54', 'Muzakki'),
(55, 51, 'LPMZ55', 'LPMZ55', 'Muzakki'),
(56, 52, 'LPMZ56', 'LPMZ56', 'Muzakki'),
(57, 53, 'LPMZ57', 'LPMZ57', 'Muzakki'),
(58, 54, 'LPMZ58', 'LPMZ58', 'Muzakki'),
(59, 55, 'LPMZ59', 'LPMZ59', 'Muzakki'),
(60, 56, 'LPMZ60', 'LPMZ60', 'Muzakki'),
(61, 57, 'LPMZ61', 'LPMZ61', 'Muzakki'),
(62, 58, 'LPMZ62', 'LPMZ62', 'Muzakki'),
(63, 59, 'LPMZ63', 'LPMZ63', 'Muzakki'),
(64, 60, 'LPMZ64', 'LPMZ64', 'Muzakki'),
(65, 61, 'LPMZ65', 'LPMZ65', 'Muzakki'),
(66, 62, 'LPMZ66', 'LPMZ66', 'Muzakki'),
(67, 63, 'LPMZ67', 'LPMZ67', 'Muzakki'),
(68, 64, 'LPMZ68', 'LPMZ68', 'Muzakki'),
(69, 65, 'LPMZ69', 'LPMZ69', 'Muzakki'),
(70, 66, 'LPMZ70', 'LPMZ70', 'Muzakki'),
(71, 67, 'LPMZ71', 'LPMZ71', 'Muzakki'),
(72, 68, 'LPMZ72', 'LPMZ72', 'Muzakki'),
(73, 69, 'LPMZ73', 'LPMZ73', 'Muzakki'),
(74, 70, 'LPMZ74', 'LPMZ74', 'Muzakki'),
(75, 71, 'LPMZ75', 'LPMZ75', 'Muzakki'),
(76, 72, 'LPMZ76', 'LPMZ76', 'Muzakki'),
(77, 73, 'LPMZ77', 'LPMZ77', 'Muzakki'),
(78, 74, 'LPMZ78', 'LPMZ78', 'Muzakki'),
(79, 75, 'LPMZ79', 'LPMZ79', 'Muzakki'),
(80, 76, 'LPMZ80', 'LPMZ80', 'Muzakki'),
(81, 77, 'LPMZ81', 'LPMZ81', 'Muzakki'),
(82, 78, 'LPMZ82', 'LPMZ82', 'Muzakki'),
(83, 79, 'LPMZ83', 'LPMZ83', 'Muzakki'),
(84, 80, 'LPMZ84', 'LPMZ84', 'Muzakki'),
(85, 81, 'LPMZ85', 'LPMZ85', 'Muzakki'),
(86, 82, 'LPMZ86', 'LPMZ86', 'Muzakki'),
(87, 83, 'LPMZ87', 'LPMZ87', 'Muzakki'),
(88, 84, 'LPMZ88', 'LPMZ88', 'Muzakki'),
(89, 85, 'LPMZ89', 'LPMZ89', 'Muzakki'),
(90, 86, 'LPMZ90', 'LPMZ90', 'Muzakki'),
(91, 87, 'LPMZ91', 'LPMZ91', 'Muzakki'),
(92, 88, 'LPMZ92', 'LPMZ92', 'Muzakki'),
(93, 89, 'LPMZ93', 'LPMZ93', 'Muzakki'),
(94, 90, 'LPMZ94', 'LPMZ94', 'Muzakki'),
(95, 91, 'LPMZ95', 'LPMZ95', 'Muzakki'),
(96, 92, 'LPMZ96', 'LPMZ96', 'Muzakki'),
(97, 93, 'LPMZ97', 'LPMZ97', 'Muzakki'),
(98, 94, 'LPMZ98', 'LPMZ98', 'Muzakki'),
(99, 95, 'LPMZ99', 'LPMZ99', 'Muzakki'),
(100, 96, 'LPMZ100', 'LPMZ100', 'Muzakki'),
(101, 97, 'LPMZ101', 'LPMZ101', 'Muzakki'),
(102, 98, 'LPMZ102', 'LPMZ102', 'Muzakki'),
(103, 99, 'LPMZ103', 'LPMZ103', 'Muzakki'),
(104, 100, 'LPMZ104', 'LPMZ104', 'Muzakki'),
(105, 101, 'LPMZ105', 'LPMZ105', 'Muzakki'),
(106, 102, 'LPMZ106', 'LPMZ106', 'Muzakki'),
(107, 103, 'LPMZ107', 'LPMZ107', 'Muzakki'),
(108, 104, 'LPMZ108', 'LPMZ108', 'Muzakki'),
(109, 105, 'LPMZ109', 'LPMZ109', 'Muzakki'),
(110, 106, 'LPMZ110', 'LPMZ110', 'Muzakki'),
(111, 107, 'LPMZ111', 'LPMZ111', 'Muzakki'),
(112, 108, 'LPMZ112', 'LPMZ112', 'Muzakki'),
(113, 109, 'LPMZ113', 'LPMZ113', 'Muzakki'),
(114, 110, 'LPMZ114', 'LPMZ114', 'Muzakki'),
(115, 111, 'LPMZ115', 'LPMZ115', 'Muzakki'),
(116, 112, 'LPMZ116', 'LPMZ116', 'Muzakki'),
(117, 113, 'LPMZ117', 'LPMZ117', 'Muzakki'),
(118, 114, 'LPMZ118', 'LPMZ118', 'Muzakki'),
(119, 115, 'LPMZ119', 'LPMZ119', 'Muzakki'),
(120, 116, 'LPMZ120', 'LPMZ120', 'Muzakki'),
(121, 117, 'LPMZ121', 'LPMZ121', 'Muzakki'),
(122, 118, 'LPMZ122', 'LPMZ122', 'Muzakki'),
(123, 119, 'LPMZ123', 'LPMZ123', 'Muzakki'),
(124, 120, 'LPMZ124', 'LPMZ124', 'Muzakki'),
(125, 121, 'LPMZ125', 'LPMZ125', 'Muzakki'),
(126, 122, 'LPMZ126', 'LPMZ126', 'Muzakki'),
(127, 123, 'LPMZ127', 'LPMZ127', 'Muzakki'),
(128, 124, 'LPMZ128', 'LPMZ128', 'Muzakki'),
(129, 125, 'LPMZ129', 'LPMZ129', 'Muzakki'),
(130, 1, 'LPMT130', 'LPMT130', 'Mustahik');

-- --------------------------------------------------------

--
-- Table structure for table `tb_amil`
--

CREATE TABLE `tb_amil` (
  `id_amil` int(15) NOT NULL,
  `nama_amil` varchar(35) NOT NULL,
  `alamat` varchar(225) NOT NULL,
  `jabatan` varchar(50) NOT NULL,
  `foto` varchar(225) NOT NULL
) ENGINE=InnoDB DEFAULT CHARSET=latin1;

--
-- Dumping data for table `tb_amil`
--

INSERT INTO `tb_amil` (`id_amil`, `nama_amil`, `alamat`, `jabatan`, `foto`) VALUES
(1, 'Hj. Erna Rasyid Taufan', 'Parepare', 'Ketua LAZISMu Parepare', 'foto-1546125568.png'),
(2, 'Saiful Amir', 'Parepare', 'Sekretaris LAZISMu Parepare', 'foto-1546125632.png'),
(3, 'Amil', 'Parepare', 'Bendahara LAZISMu Parepare', 'foto-1546125702.png'),
(4, 'Amil', 'Parepare', '-', '');

-- --------------------------------------------------------

--
-- Table structure for table `tb_jenis`
--

CREATE TABLE `tb_jenis` (
  `id_jenis` int(15) NOT NULL,
  `id_kategori` int(15) NOT NULL,
  `id_nkategori` int(15) NOT NULL,
  `nama_jenis` varchar(70) NOT NULL
) ENGINE=InnoDB DEFAULT CHARSET=latin1;

--
-- Dumping data for table `tb_jenis`
--

INSERT INTO `tb_jenis` (`id_jenis`, `id_kategori`, `id_nkategori`, `nama_jenis`) VALUES
(1, 1, 1, 'Zakat Maal'),
(2, 1, 1, 'Zakat Profesi / Penghasilan'),
(3, 1, 1, 'Zakat Fitrah'),
(4, 1, 2, 'Donasi Bencana Palu, Sigi, Donggala'),
(5, 1, 1, 'Donasi Perbulan Rp.100.000'),
(6, 1, 1, 'Donasi Perbulan Rp.50.000'),
(7, 1, 1, 'Donasi Perbulan Rp.20.000'),
(8, 1, 1, 'Donasi Perbulan Rp.10.000'),
(9, 1, 1, 'Infaq / Sedekah'),
(10, 1, 2, 'Donasi Bencana Banten dan Lampung '),
(11, 2, 3, 'Fakir Miskin'),
(12, 2, 3, 'Riqab'),
(13, 2, 3, 'Gharim'),
(14, 2, 3, 'Muallaf'),
(15, 2, 3, 'Fi sabilillah'),
(16, 2, 3, 'Ibnu Sabil'),
(17, 2, 3, 'Amil'),
(18, 2, 4, 'Biaya Konsumsi'),
(19, 2, 4, 'Biaya Transportasi'),
(20, 2, 4, 'Biaya Pulsa'),
(21, 2, 4, 'Biaya ATK'),
(22, 2, 4, 'Biaya WIFI'),
(23, 2, 4, 'Biaya Pemeliharaan Kendaraan'),
(24, 2, 4, 'Biaya lain-lain'),
(25, 1, 2, 'Donasi Palestina'),
(26, 1, 2, 'Pemb. SD Muhammadiyah 4'),
(27, 1, 1, 'Fidyah'),
(28, 1, 2, 'Filantropi'),
(29, 2, 4, 'Biaya Listrik'),
(30, 2, 4, 'Transfer'),
(31, 2, 3, 'Pemb. SD Muhammadiyah 4');

-- --------------------------------------------------------

--
-- Table structure for table `tb_kategori`
--

CREATE TABLE `tb_kategori` (
  `id_kategori` int(15) NOT NULL,
  `kategori` varchar(35) NOT NULL
) ENGINE=InnoDB DEFAULT CHARSET=latin1;

--
-- Dumping data for table `tb_kategori`
--

INSERT INTO `tb_kategori` (`id_kategori`, `kategori`) VALUES
(1, 'Penerimaan'),
(2, 'Pengeluaran');

-- --------------------------------------------------------

--
-- Table structure for table `tb_mustahik`
--

CREATE TABLE `tb_mustahik` (
  `id_mustahik` int(15) NOT NULL,
  `nama_mustahik` varchar(35) NOT NULL,
  `alamat` varchar(225) NOT NULL,
  `pekerjaan` varchar(50) NOT NULL,
  `pendapatan` varchar(20) NOT NULL,
  `jml_keluarga` varchar(4) NOT NULL
) ENGINE=InnoDB DEFAULT CHARSET=latin1;

--
-- Dumping data for table `tb_mustahik`
--

INSERT INTO `tb_mustahik` (`id_mustahik`, `nama_mustahik`, `alamat`, `pekerjaan`, `pendapatan`, `jml_keluarga`) VALUES
(1, 'Muharram', 'Parepare', '-', '0', '0');

-- --------------------------------------------------------

--
-- Table structure for table `tb_muzakki`
--

CREATE TABLE `tb_muzakki` (
  `id_muzakki` int(15) NOT NULL,
  `nama_muzakki` varchar(35) NOT NULL,
  `alamat` varchar(225) NOT NULL,
  `no_telp` varchar(13) NOT NULL,
  `npwp` varchar(25) NOT NULL
) ENGINE=InnoDB DEFAULT CHARSET=latin1;

--
-- Dumping data for table `tb_muzakki`
--

INSERT INTO `tb_muzakki` (`id_muzakki`, `nama_muzakki`, `alamat`, `no_telp`, `npwp`) VALUES
(1, 'Yudio Kristanto', 'Parepare', '0', '0'),
(2, 'Ichwan Purnama', 'Parepare', '0', '0'),
(3, 'Mardatillah Ahmad', 'Parepare', '0', '0'),
(4, 'Hj. Gustianti', 'Parepare', '0', '0'),
(5, 'Masniar', 'Parepare', '0', '0'),
(6, 'Nur Ikhwana', 'Parepare', '0', '0'),
(7, 'Marlina Kasim', 'Parepare', '0', '0'),
(8, 'Ahmad Selao, S.Tp., M.Sc', 'Parepare', '0', '0'),
(9, 'Hj. Surianti', 'Parepare', '0', '0'),
(10, 'Iriani Ambar', 'Parepare', '0', '0'),
(11, 'Hj. Hasnia Bado', 'Parepare', '0', '0'),
(12, 'Saiful Amir', 'Parepare', '0', '0'),
(13, 'A. Besse Dewang', 'Parepare', '0', '0'),
(14, 'Hj. Rosmini', 'Parepare', '0', '0'),
(15, 'Azima Bado', 'Parepare', '0', '0'),
(16, 'H. Anwar Suad', 'Parepare', '0', '0'),
(17, 'Skor Jeni', 'Parepare', '0', '0'),
(18, 'Wahyuni Khalif', 'Parepare', '0', '0'),
(19, 'Ahmad Irsyad', 'Parepare', '0', '0'),
(20, 'Hj. Masniar', 'Parepare', '0', '0'),
(21, 'Yusril Anugra A', 'Parepare', '0', '0'),
(22, 'Ihsan Mahyuddin', 'Parepare', '0', '0'),
(23, 'Prof. Ihsan Aqib', 'Parepare', '0', '0'),
(24, 'Mahsyar', 'Parepare', '0', '0'),
(25, 'Hj. Nurhayati Ali', 'Parepare', '0', '0'),
(26, 'Ramlih Ahmad', 'Parepare', '0', '0'),
(27, 'Hj. A. Nurhatina', 'Parepare', '0', '0'),
(28, 'Hamzah', 'Parepare', '0', '0'),
(29, 'Nurul Amin', 'Parepare', '0', '0'),
(30, 'A. Halijah', 'Parepare', '0', '0'),
(31, 'Aznur Paweri', 'Parepare', '0', '0'),
(32, 'Prof. Dr. H. Muhammad Siri Dangnga,', 'Parepare', '0', '0'),
(33, 'Syafruddin', 'Parepare', '0', '0'),
(34, 'Drs. Muh. Sofyan, S. Pd', 'Parepare', '0', '0'),
(35, 'Erwin Rasyid', 'Parepare', '0', '0'),
(36, 'Muh. Naim, SE', 'Parepare', '0', '0'),
(37, 'Dr. Muh. Saleh', 'Parepare', '0', '0'),
(38, 'Darwis Danil', 'Parepare', '0', '0'),
(39, 'Usman , SKM', 'Parepare', '0', '0'),
(40, 'Usman Sangkala. S. Sos. I, M. Pd. I', 'Parepare', '0', '0'),
(41, 'ST. Rahmah', 'Parepare', '0', '0'),
(42, 'Ayuwinda, S. Hut', 'Parepare', '0', '0'),
(43, 'H. Muh. Dahlan', 'Parepare', '0', '0'),
(44, 'Hj. Heriah', 'Parepare', '0', '0'),
(45, 'Hj. Jumrah', 'Parepare', '0', '0'),
(46, 'Jalaluddin, S. Pd', 'Parepare', '0', '0'),
(47, 'Hj. Anisah', 'Parepare', '0', '0'),
(48, 'Nurbaiti', 'Parepare', '0', '0'),
(49, 'Hj. Rahmatan', 'Parepare', '0', '0'),
(50, 'Dr. Ayu Purnama', 'Parepare', '0', '0'),
(51, 'Irwan, A. S', 'Parepare', '0', '0'),
(52, 'H. Muh. Yunus', 'Parepare', '0', '0'),
(53, 'Hj. Rosmiati', 'Parepare', '0', '0'),
(54, 'Muh. Anis Akkas', 'Parepare', '0', '0'),
(55, 'Fandi, SE', 'Parepare', '0', '0'),
(56, 'Kameria', 'Parepare', '0', '0'),
(57, 'Nurningsih', 'Parepare', '0', '0'),
(58, 'Astika', 'Parepare', '0', '0'),
(59, 'Imarwati Malik', 'Parepare', '0', '0'),
(60, 'Endang', 'Parepare', '0', '0'),
(61, 'Aidil Bado', 'Parepare', '0', '0'),
(62, 'Hj. Nuraini', 'Parepare', '0', '0'),
(63, 'Nurul Hikmah', 'Parepare', '0', '0'),
(64, 'A. Nurhazanah', 'Parepare', '0', '0'),
(65, 'ABD. Khalik, K. Y', 'Parepare', '0', '0'),
(66, 'Ardi, S.Pd', 'Parepare', '0', '0'),
(67, 'Ernawati, K', 'Parepare', '0', '0'),
(68, 'Budiyani', 'Parepare', '0', '0'),
(69, 'Maryati Tesangi, S. Pd', 'Parepare', '0', '0'),
(70, 'Vernitasari', 'Parepare', '0', '0'),
(71, 'Nurmaliah', 'Parepare', '0', '0'),
(72, 'Hj. Musdalifah', 'Parepare', '0', '0'),
(73, 'Goyang Lidah (Khairi)', 'Parepare', '0', '0'),
(74, 'A. Haryani (SMP 10)', 'Parepare', '0', '0'),
(75, 'Hasnah', 'Parepare', '0', '0'),
(76, 'A. Nilawati', 'Parepare', '0', '0'),
(77, 'Hj. Hartati, S.Pd', 'Parepare', '0', '0'),
(78, 'A. Nurana', 'Parepare', '0', '0'),
(79, 'Rakhmiah', 'Parepare', '0', '0'),
(80, 'Hartati, S. Pd', 'Parepare', '0', '0'),
(81, 'Asmi', 'Parepare', '0', '0'),
(82, 'Hj. Hasnah', 'Parepare', '0', '0'),
(83, 'Henni Kumala Dewi', 'Parepare', '0', '0'),
(84, 'Mahrajani Majid', 'Parepare', '0', '0'),
(85, 'Firdaus', 'Parepare', '0', '0'),
(86, 'Mingki', 'Parepare', '0', '0'),
(87, 'Nating Hanafi', 'Parepare', '0', '0'),
(88, 'Fitriani Jumrah', 'Parepare', '0', '0'),
(89, 'Jumrah', 'Parepare', '0', '0'),
(90, 'Anzari Bado', 'Parepare', '0', '0'),
(91, 'Kurnia Harum', 'Parepare', '0', '0'),
(92, 'Rosmala Dewi', 'Parepare', '0', '0'),
(93, 'Ismail Takka', 'Parapare', '0', '0'),
(94, 'Zakat Profis', 'Parepare', '0', '0'),
(95, 'Sahrul Gunawan', 'Parepare', '0', '0'),
(96, 'Dra. Hasnati, S. Pd', 'Parepare', '0', '0'),
(97, 'Fitria Hikmawati', 'Parepare', '0', '0'),
(98, 'Bustam', 'Parepare', '0', '0'),
(99, 'Hamsah, SE', 'Parepare', '0', '0'),
(100, 'Nurdiana, S. Pd', 'Parepare', '0', '0'),
(101, 'Hj. Atirah. B', 'Parepare', '0', '0'),
(102, 'Hj. Suarnah', 'Parepare', '0', '0'),
(103, 'Sahjerah', 'Parepare', '0', '0'),
(104, 'Ramli', 'Parepare', '0', '0'),
(105, 'Muh. Yani, S. Pd', 'Parepare', '0', '0'),
(106, 'Fahrum Lusain, S', 'Parepare', '0', '0'),
(107, 'Ainun', 'Parepare', '0', '0'),
(108, 'Monokrom', 'Parepare', '0', '0'),
(109, 'Wigra', 'Parepare', '0', '0'),
(110, 'Sunarti 01', 'Parepare', '0', '0'),
(111, 'Ratnawati', 'Parepare', '0', '0'),
(112, 'Cica Azisah', 'Parepare', '0', '0'),
(113, 'Hajrah Lahammah', 'Parepare', '0', '0'),
(114, 'Hj. Darmawati', 'Parepare', '0', '0'),
(115, 'Sunarti 02', 'Parepare', '0', '0'),
(116, 'Hj. A. Urfiani', 'Parepare', '0', '0'),
(117, 'Hj. Nurpati', 'Parepare', '0', '0'),
(118, 'A & G Collection', 'Parepare', '0', '0'),
(119, 'Rosdiana', 'Parepare', '0', '0'),
(120, 'A. Ayyub', 'Parepare', '0', '0'),
(121, 'Muh. Yunus ( Five Distro)', 'Parepare', '0', '0'),
(122, 'Kamariah', 'Parepare', '0', '0'),
(123, 'Dr. Budiman Siri', 'Parepare', '0', '0'),
(124, 'Hj. ST. Rosmiati', 'Parepare', '0', '0'),
(125, 'Nurliana', 'Parepare', '0', '0');

-- --------------------------------------------------------

--
-- Table structure for table `tb_nkategori`
--

CREATE TABLE `tb_nkategori` (
  `id_nkategori` int(15) NOT NULL,
  `id_kategori` int(15) NOT NULL,
  `nama_kategori` varchar(70) NOT NULL
) ENGINE=InnoDB DEFAULT CHARSET=latin1;

--
-- Dumping data for table `tb_nkategori`
--

INSERT INTO `tb_nkategori` (`id_nkategori`, `id_kategori`, `nama_kategori`) VALUES
(1, 1, 'Penerimaan Donasi Tetap'),
(2, 1, 'Penerimaan Donasi Tidak Tetap'),
(3, 2, 'Penyaluran '),
(4, 2, 'Biaya Operasional');

-- --------------------------------------------------------

--
-- Table structure for table `tb_transaksi`
--

CREATE TABLE `tb_transaksi` (
  `id_transaksi` int(25) NOT NULL,
  `tanggal` date NOT NULL,
  `id_kategori` int(15) NOT NULL,
  `id_nkategori` int(15) NOT NULL,
  `id_jenis` int(15) NOT NULL,
  `donatur` varchar(35) NOT NULL,
  `id_muzakki` int(15) NOT NULL,
  `uraian` varchar(225) NOT NULL,
  `bukti` varchar(225) NOT NULL,
  `kas` int(15) NOT NULL,
  `non_kas` int(15) NOT NULL,
  `satuan` varchar(35) NOT NULL
) ENGINE=InnoDB DEFAULT CHARSET=latin1;

--
-- Dumping data for table `tb_transaksi`
--

INSERT INTO `tb_transaksi` (`id_transaksi`, `tanggal`, `id_kategori`, `id_nkategori`, `id_jenis`, `donatur`, `id_muzakki`, `uraian`, `bukti`, `kas`, `non_kas`, `satuan`) VALUES
(1, '2018-01-04', 1, 1, 5, '', 1, 'Pembayaran Bulan Januari', '', 100000, 0, ''),
(2, '2018-01-04', 1, 1, 5, '', 2, 'Pembayaran Bulan Januari', '', 100000, 0, ''),
(3, '2018-02-01', 1, 1, 5, '', 2, 'Pembayaran Bulan Januari', '', 100000, 0, ''),
(4, '2018-03-01', 1, 1, 5, '', 2, 'Pembayaran Bulan Maret', '', 100000, 0, ''),
(5, '2018-01-04', 1, 1, 5, '', 3, 'Pembayaran Bulan Januari', '', 100000, 0, ''),
(6, '2018-02-01', 1, 1, 5, '', 3, 'Pembayaran Bulan Februari', '', 100000, 0, ''),
(7, '2018-03-01', 1, 1, 5, '', 3, 'Pembayaran Bulan Maret', '', 100000, 0, ''),
(8, '2018-04-01', 1, 1, 5, '', 3, 'Pembayaran Bulan April', '', 100000, 0, ''),
(9, '2018-05-01', 1, 1, 5, '', 3, 'Pembayaran Bulan Mei ', '', 100000, 0, ''),
(10, '2018-06-01', 1, 1, 5, '', 3, 'Pembayaran Bulan Juni', '', 100000, 0, ''),
(11, '2018-07-01', 1, 1, 5, '', 3, 'Pembayaran Bulan Juli', '', 100000, 0, ''),
(12, '2018-08-01', 1, 1, 5, '', 3, 'Pembayaran Bulan Agustus', '', 100000, 0, ''),
(13, '2018-09-01', 1, 1, 5, '', 3, 'Pembayaran Bulan September', '', 100000, 0, ''),
(14, '2018-01-04', 1, 1, 5, '', 4, 'Pembayaran Bulan Januari', '', 100000, 0, ''),
(15, '2018-02-01', 1, 1, 5, '', 4, 'Pembayaran Bulan Februari', '', 100000, 0, ''),
(16, '2018-03-01', 1, 1, 5, '', 4, 'Pembayaran Bulan Maret', '', 100000, 0, ''),
(17, '2018-04-01', 1, 1, 5, '', 4, 'Pembayaran Bulan April', '', 100000, 0, ''),
(18, '2018-05-01', 1, 1, 5, '', 4, 'Pembayaran Bulan Mei', '', 100000, 0, ''),
(19, '2018-01-04', 1, 1, 5, '', 5, 'Pembayaran Bulan Januari', '', 100000, 0, ''),
(20, '2018-02-01', 1, 1, 5, '', 5, 'Pembayaran Bulan Februari', '', 100000, 0, ''),
(21, '2018-03-01', 1, 1, 5, '', 5, 'Pembayaran Bulan Maret', '', 100000, 0, ''),
(22, '2018-01-04', 1, 1, 5, '', 6, 'Pembayaran Bulan Januari', '', 100000, 0, ''),
(23, '2018-02-01', 1, 1, 5, '', 6, 'Pembayaran Bulan Februari', '', 100000, 0, ''),
(24, '2018-03-01', 1, 1, 5, '', 6, 'Pembayaran Bulan Maret', '', 100000, 0, ''),
(25, '2018-01-04', 1, 1, 5, '', 7, 'Pembayaran Bulan Januari', '', 100000, 0, ''),
(26, '2018-02-01', 1, 1, 5, '', 7, 'Pembayaran Bulan Februari', '', 100000, 0, ''),
(27, '2018-03-01', 1, 1, 5, '', 7, 'Pembayaran Bulan Maret', '', 100000, 0, ''),
(28, '2018-04-01', 1, 1, 5, '', 7, 'Pembayaran Bulan April', '', 100000, 0, ''),
(29, '2018-05-01', 1, 1, 5, '', 7, 'Pembayaran Bulan Mei', '', 100000, 0, ''),
(30, '2018-01-04', 1, 1, 5, '', 8, 'Pembayaran Bulan Januari', '', 100000, 0, ''),
(31, '2018-01-04', 1, 1, 5, '', 9, 'Pembayaran Bulan Januari', '', 700000, 0, ''),
(32, '2018-02-01', 1, 1, 5, '', 9, 'Pembayaran Bulan Februari', '', 100000, 0, ''),
(33, '2018-03-01', 1, 1, 5, '', 9, 'Pembayaran Bulan Maret', '', 100000, 0, ''),
(34, '2018-01-04', 1, 1, 5, '', 10, 'Pembayaran Bulan Januari', '', 150000, 0, ''),
(35, '2018-02-01', 1, 1, 5, '', 10, 'Pembayaran Bulan Februari', '', 100000, 0, ''),
(36, '2018-03-01', 1, 1, 5, '', 10, 'Pembayaran Bulan Maret', '', 100000, 0, ''),
(37, '2018-04-01', 1, 1, 5, '', 10, 'Pembayaran Bulan April', '', 100000, 0, ''),
(38, '2018-05-01', 1, 1, 5, '', 10, 'Pembayaran Bulan Mei', '', 100000, 0, ''),
(39, '2018-06-01', 1, 1, 5, '', 10, 'Pembayaran Bulan Juni', '', 100000, 0, ''),
(40, '2018-07-01', 1, 1, 5, '', 10, 'Pembayaran Bulan Juli', '', 100000, 0, ''),
(41, '2018-08-01', 1, 1, 5, '', 10, 'Pembayaran Bulan Agustus', '', 100000, 0, ''),
(42, '2018-01-04', 1, 1, 5, '', 11, 'Pembayaran Bulan Januari', '', 100000, 0, ''),
(43, '2018-02-01', 1, 1, 5, '', 11, 'Pembayaran Bulan Februari', '', 100000, 0, ''),
(44, '2018-03-01', 1, 1, 5, '', 11, 'Pembayaran Bulan Maret', '', 100000, 0, ''),
(45, '2018-04-01', 1, 1, 5, '', 11, 'Pembayaran Bulan April', '', 100000, 0, ''),
(46, '2018-05-01', 1, 1, 5, '', 11, 'Pembayaran Bulan Mei', '', 100000, 0, ''),
(47, '2018-06-01', 1, 1, 5, '', 11, 'Pembayaran Bulan Juni', '', 100000, 0, ''),
(48, '2018-07-01', 1, 1, 5, '', 11, 'Pembayaran Bulan Juli', '', 100000, 0, ''),
(49, '2018-01-04', 1, 1, 5, '', 12, 'Pembayaran Bulan Januari', '', 100000, 0, ''),
(50, '2018-02-01', 1, 1, 5, '', 12, 'Pembayaran Bulan Februari', '', 100000, 0, ''),
(51, '2018-03-01', 1, 1, 5, '', 12, 'Pembayaran Bulan Maret', '', 100000, 0, ''),
(52, '2018-04-01', 1, 1, 5, '', 12, 'Pembayaran Bulan April', '', 100000, 0, ''),
(53, '2018-01-04', 1, 1, 5, '', 13, 'Pembayaran Bulan Januari', '', 200000, 0, ''),
(54, '2018-02-01', 1, 1, 5, '', 13, 'Pembayaran Bulan Februari', '', 100000, 0, ''),
(55, '2018-03-01', 1, 1, 5, '', 13, 'Pembayaran Bulan Maret', '', 100000, 0, ''),
(56, '2018-01-04', 1, 1, 5, '', 14, 'Pembayaran Bulan Januari', '', 100000, 0, ''),
(57, '2018-02-01', 1, 1, 5, '', 14, 'Pembayaran Bulan Februari', '', 100000, 0, ''),
(58, '2018-03-01', 1, 1, 5, '', 14, 'Pembayaran Bulan Maret', '', 100000, 0, ''),
(59, '2018-01-04', 1, 1, 5, '', 15, 'Pembayaran Bulan Januari', '', 100000, 0, ''),
(60, '2018-02-01', 1, 1, 5, '', 15, 'Pembayaran Bulan Februari', '', 100000, 0, ''),
(61, '2018-03-01', 1, 1, 5, '', 15, 'Pembayaran Bulan Maret', '', 100000, 0, ''),
(62, '2018-04-01', 1, 1, 5, '', 15, 'Pembayaran Bulan April', '', 100000, 0, ''),
(63, '2018-01-19', 1, 1, 5, '', 16, 'Pembayaran Bulan Januari', '', 100000, 0, ''),
(64, '2018-02-01', 1, 1, 5, '', 16, 'Pembayaran Bulan Februari', '', 100000, 0, ''),
(65, '2018-01-19', 1, 1, 5, '', 17, 'Pembayaran Bulan Januari', '', 100000, 0, ''),
(66, '2018-02-01', 1, 1, 5, '', 17, 'Pembayaran Bulan Februari', '', 100000, 0, ''),
(67, '2018-03-01', 1, 1, 5, '', 17, 'Pembayaran Bulan Maret', '', 100000, 0, ''),
(68, '2018-04-01', 1, 1, 5, '', 17, 'Pembayaran Bulan April', '', 100000, 0, ''),
(69, '2018-01-19', 1, 1, 5, '', 18, 'Pembayaran Bulan Januari', '', 100000, 0, ''),
(70, '2018-02-01', 1, 1, 5, '', 18, 'Pembayaran Bulan Februari', '', 100000, 0, ''),
(71, '2018-03-01', 1, 1, 5, '', 18, 'Pembayaran Bulan Maret', '', 100000, 0, ''),
(72, '2018-01-19', 1, 1, 5, '', 21, 'Pembayaran Bulan Januari', '', 100000, 0, ''),
(73, '2018-02-01', 1, 1, 5, '', 21, 'Pembayaran Bulan Februari', '', 100000, 0, ''),
(74, '2018-01-19', 1, 1, 5, '', 19, 'Pembayaran Bulan Januari', '', 100000, 0, ''),
(75, '2018-02-01', 1, 1, 5, '', 19, 'Pembayaran Bulan Februari', '', 100000, 0, ''),
(76, '2018-01-19', 1, 1, 5, '', 20, 'Pembayaran Bulan Januari', '', 100000, 0, ''),
(77, '2018-01-19', 1, 1, 5, '', 22, 'Pembayaran Bulan Januari', '', 100000, 0, ''),
(78, '2018-02-01', 1, 1, 5, '', 22, 'Pembayaran Bulan Februari', '', 100000, 0, ''),
(79, '2018-03-01', 1, 1, 5, '', 22, 'Pembayaran Bulan Maret', '', 100000, 0, ''),
(80, '2018-04-01', 1, 1, 5, '', 22, 'Pembayaran Bulan April', '', 100000, 0, ''),
(81, '2018-05-01', 1, 1, 5, '', 22, 'Pembayaran Bulan Mei', '', 100000, 0, ''),
(82, '2018-06-01', 1, 1, 5, '', 22, 'Pembayaran Bulan Juni', '', 100000, 0, ''),
(83, '2018-07-01', 1, 1, 5, '', 22, 'Pembayaran Bulan Juli', '', 100000, 0, ''),
(84, '2018-08-01', 1, 1, 5, '', 22, 'Pembayaran Bulan Agustus', '', 100000, 0, ''),
(85, '2018-09-01', 1, 1, 5, '', 22, 'Pembayaran Bulan September', '', 100000, 0, ''),
(86, '2018-10-01', 1, 1, 5, '', 22, 'Pembayaran Bulan Oktober', '', 100000, 0, ''),
(87, '2018-11-01', 1, 1, 5, '', 22, 'Pembayaran Bulan November', '', 100000, 0, ''),
(88, '2018-01-20', 1, 1, 5, '', 23, 'Pembayaran Bulan Januari', '', 100000, 0, ''),
(89, '2018-02-01', 1, 1, 5, '', 23, 'Pembayaran Bulan Februari', '', 100000, 0, ''),
(90, '2018-03-01', 1, 1, 5, '', 23, 'Pembayaran Bulan Maret', '', 100000, 0, ''),
(91, '2018-04-01', 1, 1, 5, '', 23, 'Pembayaran Bulan April', '', 100000, 0, ''),
(92, '2018-05-01', 1, 1, 5, '', 23, 'Pembayaran Bulan Mei', '', 100000, 0, ''),
(93, '2018-02-21', 1, 1, 5, '', 24, 'Pembayaran Bulan Januari dan Februari', '', 200000, 0, ''),
(94, '2018-04-01', 1, 1, 5, '', 24, 'Pembayaran Bulan April', '', 100000, 0, ''),
(95, '2018-05-01', 1, 1, 5, '', 24, 'Pembayaran Bulan Mei', '', 100000, 0, ''),
(96, '2018-06-01', 1, 1, 5, '', 24, 'Pembayaran Bulan Juni', '', 100000, 0, ''),
(97, '2018-07-01', 1, 1, 5, '', 24, 'Pembayaran Bulan Juli', '', 100000, 0, ''),
(98, '2018-08-01', 1, 1, 5, '', 24, 'Pembayaran Bulan Agustus', '', 100000, 0, ''),
(99, '2018-02-21', 1, 1, 5, '', 25, 'Pembayaran Bulan Januari Februari', '', 250000, 0, ''),
(100, '2018-04-01', 1, 1, 5, '', 25, 'Pembayaran Bulan April', '', 100000, 0, ''),
(101, '2018-05-01', 1, 1, 5, '', 25, 'Pembayaran Bulan Mei', '', 100000, 0, ''),
(102, '2018-06-01', 1, 1, 5, '', 25, 'Pembayaran Bulan Juni', '', 100000, 0, ''),
(103, '2018-07-01', 1, 1, 5, '', 25, 'Pembayaran Bulan Juli', '', 100000, 0, ''),
(104, '2018-08-01', 1, 1, 5, '', 25, 'Pembayaran Bulan Agustus', '', 100000, 0, ''),
(105, '2018-02-22', 1, 1, 5, '', 32, 'Pembayaran Bulan Februari', '', 800000, 0, ''),
(106, '2018-04-01', 1, 1, 5, '', 32, 'Pembayaran Bulan April', '', 800000, 0, ''),
(107, '2018-08-01', 1, 1, 5, '', 32, 'Pembayaran Bulan Agustus', '', 800000, 0, ''),
(108, '2018-02-22', 1, 1, 5, '', 26, 'Pembayaran Bulan Januari', '', 100000, 0, ''),
(109, '2018-01-25', 1, 1, 5, '', 27, 'Pembayaran Bulan Januari', '', 100000, 0, ''),
(110, '2018-02-01', 1, 1, 5, '', 27, 'Pembayaran Bulan Februari', '', 100000, 0, ''),
(111, '2018-03-01', 1, 1, 5, '', 27, 'Pembayaran Bulan Maret', '', 100000, 0, ''),
(112, '2018-04-01', 1, 1, 5, '', 27, 'Pembayaran Bulan April', '', 100000, 0, ''),
(113, '2018-05-01', 1, 1, 5, '', 27, 'Pembayaran Bulan Mei', '', 100000, 0, ''),
(114, '2018-06-01', 1, 1, 5, '', 27, 'Pembayaran Bulan Juni', '', 100000, 0, ''),
(115, '2018-07-01', 1, 1, 5, '', 27, 'Pembayaran Bulan Juli', '', 100000, 0, ''),
(116, '2018-08-01', 1, 1, 5, '', 27, 'Pembayaran Bulan Agustus', '', 100000, 0, ''),
(117, '2018-01-26', 1, 1, 5, '', 28, 'Pembayaran Bulan Januari', '', 100000, 0, ''),
(118, '2018-02-01', 1, 1, 5, '', 28, 'Pembayaran Bulan Februari', '', 100000, 0, ''),
(119, '2018-03-01', 1, 1, 5, '', 28, 'Pembayaran Bulan Maret', '', 100000, 0, ''),
(120, '2018-04-01', 1, 1, 5, '', 28, 'Pembayaran Bulan April', '', 100000, 0, ''),
(121, '2018-07-01', 1, 1, 5, '', 28, 'Pembayaran Bulan Juli', '', 100000, 0, ''),
(122, '2018-01-29', 1, 1, 5, '', 29, 'Pembayaran Bulan Januari', '', 100000, 0, ''),
(123, '2018-02-01', 1, 1, 5, '', 29, 'Pembayaran Bulan Februari', '', 100000, 0, ''),
(124, '2018-01-29', 1, 1, 5, '', 30, 'Pembayaran Bulan Januari', '', 100000, 0, ''),
(125, '2018-01-31', 1, 1, 5, '', 31, 'Pembayaran Bulan Januari', '', 100000, 0, ''),
(126, '2018-02-02', 1, 1, 5, '', 33, 'Pembayaran Bulan Februari', '', 100000, 0, ''),
(127, '2018-03-01', 1, 1, 5, '', 33, 'Pembayaran Bulan Maret', '', 100000, 0, ''),
(128, '2018-03-01', 1, 1, 5, '', 33, 'Pembayaran Bulan Maret', '', 100000, 0, ''),
(129, '2018-02-03', 1, 1, 5, '', 34, 'Pembayaran Bulan Februari', '', 100000, 0, ''),
(130, '2018-03-01', 1, 1, 5, '', 34, 'Pembayaran Bulan Maret', '', 100000, 0, ''),
(131, '2018-04-01', 1, 1, 5, '', 34, 'Pembayaran Bulan April', '', 100000, 0, ''),
(132, '2018-05-01', 1, 1, 5, '', 34, 'Pembayaran Bulan Mei', '', 100000, 0, ''),
(133, '2018-06-01', 1, 1, 5, '', 34, 'Pembayaran Bulan Juni', '', 100000, 0, ''),
(134, '2018-07-01', 1, 1, 5, '', 34, 'Pembayaran Bulan Juli', '', 100000, 0, ''),
(135, '2018-02-06', 1, 1, 5, '', 35, 'Pembayaran Bulan Januari', '', 100000, 0, ''),
(136, '2018-02-02', 1, 1, 5, '', 35, 'Pembayaran Bulan Februari', '', 100000, 0, ''),
(137, '2018-03-01', 1, 1, 5, '', 35, 'Pembayaran Bulan Maret', '', 100000, 0, ''),
(138, '2018-04-01', 1, 1, 5, '', 35, 'Pembayaran Bulan April', '', 100000, 0, ''),
(139, '2018-02-06', 1, 1, 5, '', 36, 'Pembayaran Bulan Januari', '', 100000, 0, ''),
(140, '2018-02-06', 1, 1, 5, '', 36, 'Pembayaran Bulan Februari', '', 100000, 0, ''),
(141, '2018-03-01', 1, 1, 5, '', 36, 'Pembayaran Bulan Maret', '', 100000, 0, ''),
(142, '2018-06-01', 1, 1, 5, '', 36, 'Pembayaran Bulan Juni', '', 100000, 0, ''),
(143, '2018-07-01', 1, 1, 5, '', 36, 'Pembayaran Bulan Juli', '', 100000, 0, ''),
(144, '2018-08-01', 1, 1, 5, '', 36, 'Pembayaran Bulan Agustus', '', 100000, 0, ''),
(145, '2018-02-13', 1, 1, 5, '', 37, 'Pembayaran Bulan Februari', '', 100000, 0, ''),
(146, '2018-02-15', 1, 1, 5, '', 38, 'Pembayaran Bulan Januari', '', 100000, 0, ''),
(147, '2018-02-15', 1, 1, 5, '', 38, 'Pembayaran Bulan Februari', '', 100000, 0, ''),
(148, '2018-03-01', 1, 1, 5, '', 38, 'Pembayaran Bulan Maret', '', 100000, 0, ''),
(149, '2018-04-01', 1, 1, 5, '', 38, 'Pembayaran Bulan April', '', 100000, 0, ''),
(150, '2018-05-01', 1, 1, 5, '', 38, 'Pembayaran Bulan Mei', '', 100000, 0, ''),
(151, '2018-06-01', 1, 1, 5, '', 38, 'Pembayaran Bulan Juni', '', 100000, 0, ''),
(152, '2018-02-16', 1, 1, 5, '', 39, 'Pembayaran Bulan Januari', '', 100000, 0, ''),
(153, '2018-02-16', 1, 1, 5, '', 39, 'Pembayaran Bulan Februari', '', 100000, 0, ''),
(154, '2018-03-01', 1, 1, 5, '', 39, 'Pembayaran Bulan Maret', '', 100000, 0, ''),
(155, '2018-04-01', 1, 1, 5, '', 39, 'Pembayaran Bulan April', '', 100000, 0, ''),
(156, '2018-05-01', 1, 1, 5, '', 39, 'Pembayaran Bulan Mei', '', 100000, 0, ''),
(157, '2018-06-01', 1, 1, 5, '', 39, 'Pembayaran Bulan Juni', '', 100000, 0, ''),
(158, '2018-07-01', 1, 1, 5, '', 39, 'Pembayaran Bulan Juli', '', 100000, 0, ''),
(159, '2018-02-18', 1, 1, 5, '', 40, 'Pembayaran Bulan Januari', '', 100000, 0, ''),
(160, '2018-02-18', 1, 1, 5, '', 40, 'Pembayaran Bulan Februari', '', 100000, 0, ''),
(161, '2018-02-23', 1, 1, 5, '', 41, 'Pembayaran Bulan Februari', '', 100000, 0, ''),
(162, '2018-03-01', 1, 1, 5, '', 41, 'Pembayaran Bulan 3', '', 100000, 0, ''),
(163, '2018-04-01', 1, 1, 5, '', 41, 'Pembayaran Bulan April', '', 100000, 0, ''),
(164, '2018-02-26', 1, 1, 5, '', 42, 'Pembayaran Bulan Februari', '', 100000, 0, ''),
(165, '2018-03-03', 1, 1, 5, '', 43, 'Pembayaran Bulan Februari', '', 100000, 0, ''),
(166, '2018-03-05', 1, 1, 5, '', 44, 'Pembayaran Bulan Maret', '', 100000, 0, ''),
(167, '2018-03-05', 1, 1, 5, '', 45, 'Pembayaran Bulan Februari', '', 100000, 0, ''),
(168, '2018-03-05', 1, 1, 5, '', 45, 'Pembayaran Bulan Maret', '', 100000, 0, ''),
(169, '2018-03-06', 1, 1, 5, '', 46, 'Pembayaran Bulan Maret', '', 100000, 0, ''),
(170, '2018-04-01', 1, 1, 5, '', 46, 'Pembayaran Bulan April', '', 100000, 0, ''),
(171, '2018-03-06', 1, 1, 5, '', 47, 'Pembayaran Bulan Maret', '', 100000, 0, ''),
(172, '2018-04-01', 1, 1, 5, '', 47, 'Pembayaran Bulan April', '', 100000, 0, ''),
(173, '2018-05-01', 1, 1, 5, '', 47, 'Pembayaran Bulan Mei', '', 100000, 0, ''),
(174, '2018-07-01', 1, 1, 5, '', 47, 'Pembayaran Bulan Juli', '', 100000, 0, ''),
(175, '2018-03-06', 1, 1, 5, '', 48, 'Pembayaran Bulan Maret', '', 100000, 0, ''),
(176, '2018-04-01', 1, 1, 5, '', 48, 'Pembayaran Bulan April', '', 100000, 0, ''),
(177, '2018-05-01', 1, 1, 5, '', 48, 'Pembayaran Bulan Mei', '', 100000, 0, ''),
(178, '2018-07-01', 1, 1, 5, '', 48, 'Pembayaran Bulan Juli', '', 100000, 0, ''),
(179, '2018-03-09', 1, 1, 5, '', 49, 'Pembayaran Bulan Maret', '', 100000, 0, ''),
(180, '2018-03-09', 1, 1, 5, '', 50, 'Pembayaran Bulan Maret', '', 2500000, 0, ''),
(181, '2018-05-01', 1, 1, 5, '', 50, 'Pembayaran Bulan Mei', '', 3000000, 0, ''),
(182, '2018-03-09', 1, 1, 5, '', 51, 'Pembayaran Bulan Maret', '', 100000, 0, ''),
(183, '2018-04-09', 1, 1, 5, '', 52, 'Pembayaran Bulan April', '', 200000, 0, ''),
(184, '2018-05-01', 1, 1, 5, '', 52, 'Pembayaran Bulan Mei', '', 200000, 0, ''),
(185, '2018-07-01', 1, 1, 5, '', 52, 'Pembayaran Bulan Juli', '', 200000, 0, ''),
(186, '2018-04-09', 1, 1, 5, '', 53, 'Pembayaran Bulan Mei', '', 100000, 0, ''),
(187, '2018-06-01', 1, 1, 5, '', 53, 'Pembayaran Bulan Juni', '', 100000, 0, ''),
(188, '2018-07-01', 1, 1, 5, '', 53, 'Pembayaran Bulan Juli', '', 100000, 0, ''),
(189, '2018-11-01', 1, 1, 5, '', 53, 'Pembayaran Bulan November', '', 100000, 0, ''),
(190, '2018-04-09', 1, 1, 5, '', 54, 'Pembayaran Bulan April', '', 100000, 0, ''),
(191, '2018-05-01', 1, 1, 5, '', 54, 'Pembayaran Bulan Mei', '', 100000, 0, ''),
(192, '2018-04-09', 1, 1, 5, '', 55, 'Pembayaran Bulan April', '', 100000, 0, ''),
(193, '2018-05-26', 1, 1, 5, '', 56, 'Pembayaran Bulan Mei', '', 100000, 0, ''),
(194, '2018-05-26', 1, 1, 5, '', 57, 'Pembayaran Bulan Mei', '', 100000, 0, ''),
(195, '2018-06-01', 1, 1, 5, '', 57, 'Pembayaran Bulan Juni', '', 100000, 0, ''),
(196, '2018-05-26', 1, 1, 5, '', 58, 'Pembayaran Bulan Mei', '', 100000, 0, ''),
(197, '2018-06-01', 1, 1, 5, '', 58, 'Pembayaran Bulan Juni', '', 100000, 0, ''),
(198, '2018-09-01', 1, 1, 5, '', 59, 'Pembayaran Bulan September', '', 100000, 0, ''),
(199, '2018-10-01', 1, 1, 5, '', 59, 'Pembayaran Bulan Oktober ', '', 100000, 0, ''),
(200, '2018-08-04', 1, 1, 5, '', 60, 'Pembayaran Bulan Juli', '', 100000, 0, ''),
(201, '2018-08-04', 1, 1, 5, '', 60, 'Pembayaran Bulan Agustus', '', 100000, 0, ''),
(202, '2018-01-16', 1, 1, 6, '', 61, 'Pembayaran Bulan Januari', '', 50000, 0, ''),
(203, '2018-02-01', 1, 1, 6, '', 61, 'Pembayaran Bulan Februari', '', 50000, 0, ''),
(204, '2018-03-01', 1, 1, 6, '', 61, 'Pembayaran Bulan Maret', '', 50000, 0, ''),
(205, '2018-04-01', 1, 1, 6, '', 61, 'Pembayaran Bulan April', '', 50000, 0, ''),
(206, '2018-05-01', 1, 1, 6, '', 61, 'Pembayaran Bulan Mei', '', 50000, 0, ''),
(207, '2018-01-16', 1, 1, 6, '', 62, 'Pembayaran Bulan Januari', '', 50000, 0, ''),
(208, '2018-02-01', 1, 1, 6, '', 62, 'Pembayaran Bulan Februari', '', 50000, 0, ''),
(209, '2018-06-01', 1, 1, 6, '', 62, 'Pembayaran Bulan Juni', '', 50000, 0, ''),
(210, '2018-07-01', 1, 1, 6, '', 62, 'Pembayaran Bulan Juli', '', 50000, 0, ''),
(211, '2018-08-01', 1, 1, 6, '', 62, 'Pembayaran Bulan Agustus', '', 50000, 0, ''),
(212, '2018-09-01', 1, 1, 6, '', 62, 'Pembayaran Bulan September', '', 50000, 0, ''),
(213, '2018-01-19', 1, 1, 6, '', 63, 'Pembayaran Bulan Januari', '', 50000, 0, ''),
(214, '2018-02-01', 1, 1, 6, '', 63, 'Pembayaran Bulan Februari\r\n', '', 50000, 0, ''),
(215, '2018-01-22', 1, 1, 6, '', 64, 'Pembayaran Bulan Januari', '', 50000, 0, ''),
(216, '2018-02-03', 1, 1, 6, '', 65, 'Pembayaran Bulan April', '', 50000, 0, ''),
(217, '2018-02-03', 1, 1, 6, '', 66, 'Pembayaran Bulan Februari', '', 50000, 0, ''),
(218, '2018-03-01', 1, 1, 6, '', 66, 'Pembayaran Bulan Maret', '', 50000, 0, ''),
(219, '2018-04-01', 1, 1, 6, '', 66, 'Pembayaran Bulan April', '', 50000, 0, ''),
(220, '2018-05-01', 1, 1, 6, '', 66, 'Pembayaran Bulan Mei', '', 50000, 0, ''),
(221, '2018-06-01', 1, 1, 6, '', 66, 'Pembayaran Bulan Juni', '', 50000, 0, ''),
(222, '2018-07-01', 1, 1, 6, '', 66, 'Pembayaran Bulan Juli', '', 50000, 0, ''),
(223, '2018-02-03', 1, 1, 6, '', 67, 'Pembayaran Bulan Februari\r\n', '', 50000, 0, ''),
(224, '2018-03-01', 1, 1, 6, '', 67, 'Pembayaran Bulan Maret', '', 50000, 0, ''),
(225, '2018-04-01', 1, 1, 6, '', 67, 'Pembayaran Bulan April', '', 50000, 0, ''),
(226, '2018-05-01', 1, 1, 6, '', 67, 'Pembayaran Bulan Mei', '', 50000, 0, ''),
(227, '2018-06-01', 1, 1, 6, '', 67, 'Pembayaran Bulan Juni', '', 50000, 0, ''),
(228, '2018-07-01', 1, 1, 6, '', 67, 'Pembayaran Bulan Juli', '', 50000, 0, ''),
(229, '2018-02-03', 1, 1, 6, '', 68, 'Pembayaran Bulan Februari', '', 50000, 0, ''),
(230, '2018-03-01', 1, 1, 6, '', 68, 'Pembayaran Bulan Maret', '', 50000, 0, ''),
(231, '2018-04-01', 1, 1, 6, '', 68, 'Pembayaran Bulan April', '', 50000, 0, ''),
(232, '2018-05-01', 1, 1, 6, '', 68, 'Pembayaran Bulan Mei', '', 50000, 0, ''),
(233, '2018-06-01', 1, 1, 6, '', 68, 'Pembayaran Bulan Juni', '', 50000, 0, ''),
(234, '2018-02-03', 1, 1, 6, '', 69, 'Pembayaran Bulan Februari', '', 50000, 0, ''),
(235, '2018-03-01', 1, 1, 6, '', 69, 'Pembayaran Bulan Maret', '', 50000, 0, ''),
(236, '2018-04-01', 1, 1, 6, '', 69, 'Pembayaran Bulan April', '', 50000, 0, ''),
(237, '2018-05-01', 1, 1, 6, '', 69, 'Pembayaran Bulan Mei', '', 50000, 0, ''),
(238, '2018-06-01', 1, 1, 6, '', 69, 'Pembayaran Bulan Juni', '', 50000, 0, ''),
(239, '2018-07-01', 1, 1, 6, '', 69, 'Pembayaran Bulan Juli', '', 50000, 0, ''),
(240, '2018-02-13', 1, 1, 6, '', 70, 'Pembayaran Bulan Januari', '', 50000, 0, ''),
(241, '2018-02-13', 1, 1, 6, '', 70, 'Pembayaran Bulan Februari', '', 50000, 0, ''),
(242, '2018-03-01', 1, 1, 6, '', 70, 'Pembayaran Bulan Maret', '', 50000, 0, ''),
(243, '2018-04-01', 1, 1, 6, '', 70, 'Pembayaran Bulan April', '', 50000, 0, ''),
(244, '2018-05-01', 1, 1, 6, '', 70, 'Pembayaran Bulan Mei', '', 50000, 0, ''),
(245, '2018-06-01', 1, 1, 6, '', 70, 'Pembayaran Bulan Juni', '', 50000, 0, ''),
(246, '2018-07-01', 1, 1, 6, '', 70, 'Pembayaran Bulan Juli', '', 50000, 0, ''),
(247, '2018-08-01', 1, 1, 6, '', 70, 'Pembayaran Bulan Agustus', '', 50000, 0, ''),
(248, '2018-02-13', 1, 1, 6, '', 71, 'Pembayaran Bulan Januari', '', 50000, 0, ''),
(249, '2018-02-13', 1, 1, 6, '', 71, 'Pembayaran Bulan Februari', '', 50000, 0, ''),
(250, '2018-03-01', 1, 1, 6, '', 71, 'Pembayaran Bulan Maret', '', 50000, 0, ''),
(251, '2018-04-01', 1, 1, 6, '', 71, 'Pembayaran Bulan April', '', 50000, 0, ''),
(252, '2018-05-01', 1, 1, 6, '', 71, 'Pembayaran Bulan Mei', '', 50000, 0, ''),
(253, '2018-02-13', 1, 1, 6, '', 72, 'Pembayaran Bulan Februari', '', 50000, 0, ''),
(254, '2018-03-01', 1, 1, 6, '', 72, 'Pembayaran Bulan Maret', '', 50000, 0, ''),
(255, '2018-04-01', 1, 1, 6, '', 72, 'Pembayaran Bulan April', '', 50000, 0, ''),
(256, '2018-05-01', 1, 1, 6, '', 72, 'Pembayaran Bulan Mei', '', 50000, 0, ''),
(257, '2018-06-01', 1, 1, 6, '', 72, 'Pembayaran Bulan Juni', '', 50000, 0, ''),
(258, '2018-02-13', 1, 1, 6, '', 73, 'Pembayaran Bulan Februari', '', 50000, 0, ''),
(259, '2018-02-13', 1, 1, 6, '', 73, 'Pembayaran Bulan Februari', '', 50000, 0, ''),
(260, '2018-02-13', 1, 1, 6, '', 74, 'Pembayaran Bulan Januari', '', 50000, 0, ''),
(261, '2018-02-13', 1, 1, 6, '', 74, 'Pembayaran Bulan Februari', '', 50000, 0, ''),
(262, '2018-03-01', 1, 1, 6, '', 74, 'Pembayaran Bulan Maret', '', 50000, 0, ''),
(263, '2018-04-01', 1, 1, 6, '', 74, 'Pembayaran Bulan April', '', 50000, 0, ''),
(264, '2018-02-23', 1, 1, 6, '', 75, 'Pembayaran Bulan Februari', '', 50000, 0, ''),
(265, '2018-03-05', 1, 1, 6, '', 76, 'Pembayaran Bulan Maret', '', 50000, 0, ''),
(266, '2018-03-05', 1, 1, 6, '', 77, 'Pembayaran Bulan Maret', '', 50000, 0, ''),
(267, '2018-04-01', 1, 1, 6, '', 77, 'Pembayaran Bulan April', '', 50000, 0, ''),
(268, '2018-03-05', 1, 1, 6, '', 78, 'Pembayaran Bulan Februari', '', 50000, 0, ''),
(269, '2018-03-05', 1, 1, 6, '', 78, 'Pembayaran Bulan Maret', '', 50000, 0, ''),
(270, '2018-05-01', 1, 1, 6, '', 78, 'Pembayaran Bulan Mei', '', 50000, 0, ''),
(271, '2018-03-06', 1, 1, 6, '', 79, 'Pembayaran Bulan Maret', '', 50000, 0, ''),
(272, '2018-04-01', 1, 1, 6, '', 79, 'Pembayaran Bulan April', '', 50000, 0, ''),
(273, '2018-05-01', 1, 1, 6, '', 79, 'Pembayaran Bulan Mei', '', 50000, 0, ''),
(274, '2018-07-01', 1, 1, 6, '', 79, 'Pembayaran Bulan Juli', '', 50000, 0, ''),
(275, '2018-03-06', 1, 1, 6, '', 80, 'Pembayaran Bulan Maret', '', 50000, 0, ''),
(276, '2018-04-01', 1, 1, 6, '', 80, 'Pembayaran Bulan April', '', 50000, 0, ''),
(277, '2018-05-01', 1, 1, 6, '', 80, 'Pembayaran Bulan Mei', '', 50000, 0, ''),
(278, '2018-07-01', 1, 1, 6, '', 80, 'Pembayaran Bulan Juli', '', 50000, 0, ''),
(279, '2018-03-09', 1, 1, 6, '', 82, 'Pembayaran Bulan Maret', '', 50000, 0, ''),
(280, '2018-03-09', 1, 1, 6, '', 83, 'Pembayaran Bulan Januari', '', 50000, 0, ''),
(281, '2018-03-09', 1, 1, 6, '', 83, 'Pembayaran Bulan Februari', '', 50000, 0, ''),
(282, '2018-03-09', 1, 1, 6, '', 83, 'Pembayaran Bulan Maret', '', 50000, 0, ''),
(283, '2018-04-01', 1, 1, 6, '', 83, 'Pembayaran Bulan April', '', 50000, 0, ''),
(284, '2018-05-01', 1, 1, 6, '', 83, 'Pembayaran Bulan Mei', '', 50000, 0, ''),
(285, '2018-06-01', 1, 1, 6, '', 83, 'Pembayaran Bulan Juni', '', 50000, 0, ''),
(286, '2018-07-01', 1, 1, 6, '', 83, 'Pembayaran Bulan Juli', '', 50000, 0, ''),
(287, '2018-08-01', 1, 1, 6, '', 83, 'Pembayaran Bulan Agustus', '', 50000, 0, ''),
(288, '2018-09-01', 1, 1, 6, '', 83, 'Pembayaran Bulan September', '', 50000, 0, ''),
(289, '2018-10-01', 1, 1, 6, '', 83, 'Pembayaran Bulan Oktober', '', 50000, 0, ''),
(290, '2018-03-09', 1, 1, 6, '', 84, 'Pembayaran Bulan Januari', '', 50000, 0, ''),
(291, '2018-03-09', 1, 1, 6, '', 84, 'Pembayaran Bulan Maret', '', 50000, 0, ''),
(292, '2018-04-01', 1, 1, 6, '', 84, 'Pembayaran Bulan April', '', 50000, 0, ''),
(293, '2018-05-01', 1, 1, 6, '', 84, 'Pembayaran Bulan Mei', '', 50000, 0, ''),
(294, '2018-07-01', 1, 1, 6, '', 84, 'Pembayaran Bulan Juli', '', 50000, 0, ''),
(295, '2018-08-01', 1, 1, 6, '', 84, 'Pembayaran Bulan Agustus', '', 50000, 0, ''),
(296, '2018-09-01', 1, 1, 6, '', 84, 'Pembayaran Bulan September', '', 50000, 0, ''),
(297, '2018-03-12', 1, 1, 6, '', 85, 'Pembayaran Bulan Februari', '', 50000, 0, ''),
(298, '2018-03-12', 1, 1, 6, '', 85, 'Pembayaran Bulan Maret', '', 50000, 0, ''),
(299, '2018-04-01', 1, 1, 6, '', 85, 'Pembayaran Bulan April', '', 50000, 0, ''),
(300, '2018-06-01', 1, 1, 6, '', 85, 'Pembayaran Bulan Juni', '', 50000, 0, ''),
(301, '2018-07-01', 1, 1, 6, '', 85, 'Pembayaran Bulan Juli', '', 50000, 0, ''),
(302, '2018-08-01', 1, 1, 6, '', 85, 'Pembayaran Bulan Agustus', '', 50000, 0, ''),
(303, '2018-03-13', 1, 1, 6, '', 86, 'Pembayaran Bulan Maret', '', 50000, 0, ''),
(304, '2018-04-01', 1, 1, 6, '', 86, 'Pembayaran Bulan April', '', 50000, 0, ''),
(305, '2018-04-12', 1, 1, 6, '', 87, 'Pembayaran Bulan Maret', '', 50000, 0, ''),
(306, '2018-04-12', 1, 1, 6, '', 87, 'Pembayaran Bulan April', '', 50000, 0, ''),
(307, '2018-07-31', 1, 1, 6, '', 88, 'Pembayaran Bulan Mei', '', 50000, 0, ''),
(308, '2018-07-31', 1, 1, 6, '', 89, 'Pembayaran Bulan Mei', '', 50000, 0, ''),
(309, '2018-08-03', 1, 1, 6, '', 90, 'Pembayaran Bulan Juli', '', 50000, 0, ''),
(310, '2018-08-03', 1, 1, 6, '', 90, 'Pembayaran Bulan Agustus', '', 50000, 0, ''),
(311, '2018-01-04', 1, 1, 7, '', 91, 'Pembayaran Bulan Januari', '', 20000, 0, ''),
(312, '2018-02-01', 1, 1, 7, '', 91, 'Pembayaran Bulan Februari', '', 20000, 0, ''),
(313, '2018-03-01', 1, 1, 7, '', 91, 'Pembayaran Bulan Maret', '', 20000, 0, ''),
(314, '2018-01-04', 1, 1, 7, '', 92, 'Pembayaran Bulan Januari', '', 20000, 0, ''),
(315, '2018-02-01', 1, 1, 7, '', 92, 'Pembayaran Bulan Februari', '', 20000, 0, ''),
(316, '2018-03-01', 1, 1, 7, '', 92, 'Pembayaran Bulan Maret', '', 20000, 0, ''),
(317, '2018-01-04', 1, 1, 7, '', 93, 'Pembayaran Bulan Januari', '', 20000, 0, ''),
(318, '2018-02-01', 1, 1, 7, '', 93, 'Pembayaran Bulan Februari', '', 20000, 0, ''),
(319, '2018-01-04', 1, 1, 7, '', 94, 'Pembayaran Bulan Januari', '', 20000, 0, ''),
(320, '2018-02-01', 1, 1, 7, '', 94, 'Pembayaran Bulan Februari', '', 20000, 0, ''),
(321, '2018-01-04', 1, 1, 7, '', 95, 'Pembayaran Bulan Januari', '', 20000, 0, ''),
(322, '2018-02-01', 1, 1, 7, '', 95, 'Pembayaran Bulan Februari', '', 20000, 0, ''),
(323, '2018-01-21', 1, 1, 7, '', 96, 'Pembayaran Bulan Januari', '', 20000, 0, ''),
(324, '2018-02-01', 1, 1, 7, '', 96, 'Pembayaran Bulan Februari', '', 20000, 0, ''),
(325, '2018-03-01', 1, 1, 7, '', 96, 'Pembayaran Bulan Maret', '', 20000, 0, ''),
(326, '2018-04-01', 1, 1, 7, '', 96, 'Pembayaran Bulan April', '', 20000, 0, ''),
(327, '2018-05-01', 1, 1, 7, '', 96, 'Pembayaran Bulan Mei', '', 20000, 0, ''),
(328, '2018-06-01', 1, 1, 7, '', 96, 'Pembayaran Bulan Juni', '', 20000, 0, ''),
(329, '2018-07-01', 1, 1, 7, '', 96, 'Pembayaran Bulan Juli', '', 20000, 0, ''),
(330, '2018-08-01', 1, 1, 7, '', 96, 'Pembayaran Bulan Agustus', '', 20000, 0, ''),
(331, '2018-09-01', 1, 1, 7, '', 96, 'Pembayaran Bulan September', '', 20000, 0, ''),
(332, '2018-10-01', 1, 1, 7, '', 96, 'Pembayaran Bulan Oktober', '', 20000, 0, ''),
(333, '2018-11-01', 1, 1, 7, '', 96, 'Pembayaran Bulan November', '', 20000, 0, ''),
(334, '2018-11-01', 1, 1, 7, '', 96, 'Pembayaran Bulan November', '', 20000, 0, ''),
(335, '2018-12-01', 1, 1, 7, '', 96, 'Pembayaran Bulan Desember', '', 20000, 0, ''),
(336, '2018-02-03', 1, 1, 7, '', 97, 'Pembayaran Bulan Februari', '', 20000, 0, ''),
(337, '2018-03-01', 1, 1, 7, '', 97, 'Pembayaran Bulan Maret', '', 20000, 0, ''),
(338, '2018-04-01', 1, 1, 7, '', 97, 'Pembayaran Bulan April', '', 20000, 0, ''),
(339, '2018-05-01', 1, 1, 7, '', 97, 'Pembayaran Bulan Mei', '', 20000, 0, ''),
(340, '2018-02-15', 1, 1, 7, '', 98, 'Pembayaran Bulan Januari', '', 20000, 0, ''),
(341, '2018-02-15', 1, 1, 7, '', 98, 'Pembayaran Bulan Februari', '', 20000, 0, ''),
(342, '2018-02-15', 1, 1, 7, '', 99, 'Pembayaran Bulan Januari', '', 20000, 0, ''),
(343, '2018-02-15', 1, 1, 7, '', 99, 'Pembayaran Bulan Februari', '', 20000, 0, ''),
(344, '2018-02-20', 1, 1, 7, '', 100, 'Pembayaran Bulan Februari', '', 20000, 0, ''),
(345, '2018-03-01', 1, 1, 7, '', 100, 'Pembayaran Bulan Maret', '', 20000, 0, ''),
(346, '2018-03-05', 1, 1, 7, '', 101, 'Pembayaran Bulan Maret', '', 20000, 0, ''),
(347, '2018-03-05', 1, 1, 7, '', 102, 'Pembayaran Bulan Maret', '', 20000, 0, ''),
(348, '2018-04-01', 1, 1, 7, '', 102, 'Pembayaran Bulan April', '', 20000, 0, ''),
(349, '2018-03-05', 1, 1, 7, '', 103, 'Pembayaran Bulan Maret', '', 20000, 0, ''),
(350, '2018-03-13', 1, 1, 7, '', 104, 'Pembayaran Bulan Maret', '', 20000, 0, ''),
(351, '2018-03-13', 1, 1, 7, '', 105, 'Pembayaran Bulan Januari', '', 20000, 0, ''),
(352, '2018-03-13', 1, 1, 7, '', 105, 'Pembayaran Bulan Februari', '', 20000, 0, ''),
(353, '2018-03-13', 1, 1, 7, '', 105, 'Pembayaran Bulan Maret', '', 20000, 0, ''),
(354, '2018-04-01', 1, 1, 7, '', 105, 'Pembayaran Bulan April', '', 20000, 0, ''),
(355, '2018-05-01', 1, 1, 7, '', 105, 'Pembayaran Bulan Mei', '', 20000, 0, ''),
(356, '2018-04-12', 1, 1, 7, '', 106, 'Pembayaran Bulan April', '', 20000, 0, ''),
(357, '2018-01-04', 1, 1, 8, '', 107, 'Pembayaran Bulan Januari', '', 10000, 0, ''),
(358, '2018-02-01', 1, 1, 8, '', 107, 'Pembayaran Bulan Februari', '', 10000, 0, ''),
(359, '2018-03-01', 1, 1, 8, '', 107, 'Pembayaran Bulan Maret', '', 10000, 0, ''),
(360, '2018-04-01', 1, 1, 8, '', 107, 'Pembayaran Bulan April', '', 10000, 0, ''),
(361, '2018-05-01', 1, 1, 8, '', 107, 'Pembayaran Bulan Mei', '', 10000, 0, ''),
(362, '2018-01-04', 1, 1, 8, '', 108, 'Pembayaran Bulan Februari', '', 10000, 0, ''),
(363, '2018-03-01', 1, 1, 8, '', 108, 'Pembayaran Bulan Maret', '', 10000, 0, ''),
(364, '2018-04-01', 1, 1, 8, '', 108, 'Pembayaran Bulan April', '', 10000, 0, ''),
(365, '2018-07-01', 1, 1, 8, '', 108, 'Pembayaran Bulan Juli', '', 10000, 0, ''),
(366, '2018-01-04', 1, 1, 8, '', 109, 'Pembayaran Bulan Januari', '', 10000, 0, ''),
(367, '2018-03-05', 1, 1, 8, '', 110, 'Pembayaran Bulan Maret', '', 10000, 0, ''),
(368, '2018-03-05', 1, 1, 8, '', 111, 'Pembayaran Bulan Maret', '', 10000, 0, ''),
(369, '2018-04-01', 1, 1, 8, '', 111, 'Pembayaran Bulan April', '', 10000, 0, ''),
(370, '2018-03-05', 1, 1, 8, '', 112, 'Pembayaran Bulan Maret', '', 10000, 0, ''),
(371, '2018-04-01', 1, 1, 8, '', 112, 'Pembayaran Bulan April', '', 10000, 0, ''),
(372, '2018-03-05', 1, 1, 8, '', 113, 'Pembayaran Bulan Maret', '', 10000, 0, ''),
(373, '2018-03-05', 1, 1, 8, '', 114, 'Pembayaran Bulan Maret', '', 10000, 0, ''),
(374, '2018-03-05', 1, 1, 8, '', 115, 'Pembayaran Bulan Maret', '', 10000, 0, ''),
(375, '2018-03-09', 1, 1, 8, '', 116, 'Pembayaran Bulan Maret', '', 10000, 0, ''),
(376, '2018-01-04', 1, 1, 1, '', 117, '', '', 455000, 0, ''),
(377, '2018-01-25', 1, 1, 1, '', 118, '', '', 400000, 0, ''),
(378, '2018-02-01', 1, 1, 2, '', 62, '', '', 1000000, 0, ''),
(379, '2018-02-09', 1, 1, 2, '', 119, '', '', 750000, 0, ''),
(380, '2018-02-13', 1, 1, 2, '', 120, '', '', 100000, 0, ''),
(381, '2018-02-23', 1, 1, 2, '', 27, '', '', 1000000, 0, ''),
(382, '2018-03-03', 1, 1, 2, '', 36, '', '', 200000, 0, ''),
(383, '2018-03-19', 1, 1, 2, '', 121, '', '', 1000000, 0, ''),
(384, '2018-04-09', 1, 1, 1, '', 72, '', '', 450000, 0, ''),
(385, '2018-04-10', 1, 1, 1, 'Hamba Allah', 0, '', '', 100000, 0, ''),
(386, '2018-04-21', 1, 1, 1, '', 122, '', '', 5000000, 0, ''),
(387, '2018-04-22', 1, 1, 1, '', 123, '', '', 2000000, 0, ''),
(388, '2018-05-07', 1, 1, 2, 'Hj. ST. Rosmiati', 0, '', '', 125000, 0, ''),
(389, '2018-05-23', 1, 1, 2, '', 125, '', '', 250000, 0, ''),
(390, '2018-05-23', 1, 1, 2, 'Hj. Rosdiana', 0, '', '', 150000, 0, ''),
(391, '2018-05-24', 1, 1, 2, '', 93, '', '', 4525000, 0, ''),
(392, '2018-05-25', 1, 1, 2, 'Nelly Said', 0, '', '', 150000, 0, ''),
(393, '2018-05-26', 1, 1, 1, 'Hamba Allah', 0, '', '', 1010000, 0, ''),
(394, '2018-05-28', 1, 1, 3, 'Drs. M. Nasir, S', 0, '', '', 35000, 0, ''),
(395, '2018-05-28', 1, 1, 3, 'Dra. Mardiana Hamid', 0, '', '', 35000, 0, ''),
(396, '2018-05-28', 1, 1, 3, ' Sri Saniyah Nasir, SE', 0, '', '', 35000, 0, ''),
(397, '2018-05-29', 1, 1, 2, 'Muh. Dahlan, S. Pd. I. M. Pd.i', 0, '', '', 100000, 0, ''),
(398, '2018-05-29', 1, 1, 2, 'Halim Haryono', 0, '', '', 1000000, 0, ''),
(399, '2018-05-29', 1, 1, 3, 'Djamal, SE', 0, '', '', 32000, 0, ''),
(400, '2018-05-29', 1, 1, 3, 'Sumarni, B, S. Pd.I', 0, '', '', 32000, 0, ''),
(401, '2018-05-29', 1, 1, 3, 'Hendra Sumarja', 0, '', '', 32000, 0, ''),
(402, '2018-05-29', 1, 1, 3, 'Hendro Sumarja', 0, '', '', 32000, 0, ''),
(403, '2018-05-29', 1, 1, 3, 'Henny Sumarja', 0, '', '', 32000, 0, ''),
(404, '2018-05-29', 1, 1, 3, 'Mirnayanti', 0, '', '', 32000, 0, ''),
(405, '2018-05-29', 1, 1, 3, 'Maseruni Sultan', 0, '', '', 32000, 0, ''),
(406, '2018-05-29', 1, 1, 3, 'Fatimah Syafigah', 0, '', '', 32000, 0, ''),
(407, '2018-05-29', 1, 1, 3, 'Kinanti Sumarja', 0, '', '', 32000, 0, ''),
(408, '2018-06-01', 1, 1, 3, 'Nasaruddin', 0, '', '', 35000, 0, ''),
(409, '2018-06-01', 1, 1, 3, 'Dra. Hj. Hadillah. H', 0, '', '', 35000, 0, ''),
(410, '2018-06-01', 1, 1, 3, 'ashabul Kahfi', 0, '', '', 35000, 0, ''),
(411, '2018-06-01', 1, 1, 3, 'Lilis Syareni', 0, '', '', 35000, 0, ''),
(412, '2018-06-02', 1, 1, 3, 'Suheril', 0, '', '', 32000, 0, ''),
(413, '2018-06-02', 1, 1, 2, 'ABD. Rasid', 0, '', '', 1000000, 0, ''),
(414, '2018-06-04', 1, 1, 3, 'Jumari', 0, '', '', 32000, 0, ''),
(415, '2018-06-04', 1, 1, 3, 'Sunarsi', 0, '', '', 32000, 0, ''),
(416, '2018-04-02', 1, 1, 3, 'Ade Yuyun Prasetiyo', 0, '', '', 32000, 0, ''),
(417, '2018-06-04', 1, 1, 3, 'Ryan Lubis Adhiyana', 0, '', '', 32000, 0, ''),
(418, '2018-06-04', 1, 1, 3, 'Dimas Fajri Sanjang', 0, '', '', 32000, 0, ''),
(419, '2018-06-05', 1, 1, 3, 'Usman', 0, '', '', 35000, 0, ''),
(420, '2018-06-05', 1, 1, 3, 'Patmawati', 0, '', '', 35000, 0, ''),
(421, '2018-06-05', 1, 1, 3, 'Ahmad Jufrianto Usman', 0, '', '', 35000, 0, ''),
(422, '2018-06-05', 1, 1, 3, 'Ahmad Zulkifli Usman', 0, '', '', 35000, 0, ''),
(423, '2018-06-05', 1, 1, 3, 'Kharumnnisa Usman', 0, '', '', 35000, 0, ''),
(424, '2018-06-05', 1, 1, 9, 'ST. Hajar', 0, '', '', 500000, 0, ''),
(425, '2018-06-05', 1, 1, 9, 'Regif Ibrahim', 0, '', '', 500000, 0, ''),
(426, '2018-06-06', 1, 1, 1, 'Hj. Rostina', 0, '', '', 150000, 0, ''),
(427, '2018-06-06', 1, 1, 1, 'Regif Asri Ibrahim', 0, '', '', 500000, 0, ''),
(428, '2018-06-07', 1, 1, 3, '', 12, '', '', 35000, 0, ''),
(429, '2018-06-07', 1, 1, 3, '', 15, '', '', 35000, 0, ''),
(430, '2018-06-07', 1, 1, 3, 'Nasrun Tahir', 0, '', '', 35000, 0, ''),
(431, '2018-06-07', 1, 1, 3, 'Radiah', 0, '', '', 35000, 0, ''),
(432, '2018-06-07', 1, 1, 3, 'Andra Hermansyah', 0, '', '', 35000, 0, ''),
(433, '2018-06-07', 1, 1, 3, 'Indri Heriyanti Annisa', 0, '', '', 35000, 0, ''),
(434, '2018-06-07', 1, 1, 2, 'Rahmawati', 0, '', '', 3700000, 0, ''),
(435, '2018-06-08', 1, 1, 3, 'Ansar', 0, '', '', 32000, 0, ''),
(436, '2018-06-08', 1, 1, 3, 'Hasnawi', 0, '', '', 32000, 0, ''),
(437, '2018-06-08', 1, 1, 3, 'Herlina', 0, '', '', 32000, 0, ''),
(438, '2018-06-08', 1, 1, 3, 'Hasnawi', 0, '', '', 32000, 0, ''),
(439, '2018-06-08', 1, 1, 3, 'M. Yudiana. Y', 0, '', '', 32000, 0, ''),
(440, '2018-06-08', 1, 1, 3, 'Muh. Abd. Azzam', 0, '', '', 32000, 0, ''),
(441, '2018-06-08', 1, 1, 3, 'ST. Fadillah Aisyah', 0, '', '', 32000, 0, ''),
(442, '2018-06-08', 1, 1, 3, 'Alika Nurul Sakti', 0, '', '', 32000, 0, ''),
(443, '2018-06-08', 1, 1, 3, 'Abdi Nagara Sakti', 0, '', '', 32000, 0, ''),
(444, '2018-06-08', 1, 1, 3, 'Al Fatri Sakti', 0, '', '', 32000, 0, ''),
(445, '2018-06-08', 1, 1, 3, 'Adara Aura sakti', 0, '', '', 32000, 0, ''),
(446, '2018-06-08', 1, 1, 3, 'Neno Ayu Basri', 0, '', '', 32000, 0, ''),
(447, '2018-06-08', 1, 1, 3, 'Nafa Sahira', 0, '', '', 32000, 0, ''),
(448, '2018-06-08', 1, 1, 3, 'Muh. Riyan Hidayat', 0, '', '', 32000, 0, ''),
(449, '2018-06-08', 1, 1, 3, 'Nur Israyanti', 0, '', '', 32000, 0, ''),
(450, '2018-06-08', 1, 1, 3, 'Putri Ramadani', 0, '', '', 32000, 0, ''),
(451, '2018-06-08', 1, 1, 3, 'Muh. Alif Akbar Syam', 0, '', '', 32000, 0, ''),
(452, '2018-06-08', 1, 1, 3, 'Muh. Hafis Syam', 0, '', '', 32000, 0, ''),
(453, '2018-06-08', 1, 1, 3, 'ST. Hajar Pratiwi', 0, '', '', 32000, 0, ''),
(454, '2018-06-08', 1, 1, 3, 'M. Ashabul Kahfi', 0, '', '', 32000, 0, ''),
(455, '2018-06-08', 1, 1, 3, 'Mugni Mutiara', 0, '', '', 32000, 0, ''),
(456, '2018-06-08', 1, 1, 3, 'Reza Prawiro', 0, '', '', 32000, 0, ''),
(457, '2018-06-08', 1, 1, 27, 'Herlina', 0, '', '', 600000, 0, ''),
(458, '2018-06-08', 1, 1, 1, '', 121, '', '', 200000, 0, ''),
(459, '2018-06-08', 1, 1, 2, '', 54, '', '', 150000, 0, ''),
(460, '2018-06-08', 1, 1, 3, 'Muh Arfah', 0, '', '', 35000, 0, ''),
(461, '2018-06-08', 1, 1, 3, 'A. Suci Ramadani', 0, '', '', 35000, 0, ''),
(462, '2018-06-08', 1, 1, 3, 'Erwin Rasyid', 0, '', '', 35000, 0, ''),
(463, '2018-06-08', 1, 1, 3, 'Sriyanti Ambar', 0, '', '', 35000, 0, ''),
(464, '2018-06-08', 1, 1, 3, 'Salsabilah Sri Ramadani', 0, '', '', 35000, 0, ''),
(465, '2018-06-08', 1, 1, 3, 'ABD. Khalik Zul Fattah', 0, '', '', 35000, 0, ''),
(466, '2018-06-08', 1, 1, 3, 'Aldan', 0, '', '', 35000, 0, ''),
(467, '2018-06-08', 1, 1, 3, 'Alkan', 0, '', '', 35000, 0, ''),
(468, '2018-06-08', 1, 1, 3, 'Dian Wahyudi', 0, '', '', 35000, 0, ''),
(469, '2018-06-08', 1, 1, 3, '', 70, '', '', 35000, 0, ''),
(470, '2018-06-08', 1, 1, 3, 'Zuhrah Al-Qalby.W', 0, '', '', 35000, 0, ''),
(471, '2018-06-08', 1, 1, 3, 'Shazfa Al-Insyirah. W', 0, '', '', 35000, 0, ''),
(472, '2018-06-08', 1, 1, 3, 'Dr. Ramli Ahmad', 0, '', '', 35000, 0, ''),
(473, '2018-06-08', 1, 1, 3, 'Sunarti', 0, '', '', 35000, 0, ''),
(474, '2018-06-08', 1, 1, 3, 'Muh. Awwal', 0, '', '', 35000, 0, ''),
(475, '2018-06-08', 1, 1, 3, 'Aisyatul Ula', 0, '', '', 35000, 0, ''),
(476, '2018-06-08', 1, 1, 3, 'Muh. Atmar', 0, '', '', 35000, 0, ''),
(477, '2018-06-08', 1, 1, 3, 'Hj. Ramlah', 0, '', '', 32000, 0, ''),
(478, '2018-06-08', 1, 1, 3, 'Adhi Guntur', 0, '', '', 32000, 0, ''),
(479, '2018-06-08', 1, 1, 3, 'Farida', 0, '', '', 32000, 0, ''),
(480, '2018-06-09', 1, 1, 3, 'Yohana', 0, '', '', 32000, 0, ''),
(481, '2018-06-09', 1, 1, 3, 'Muh. Nur', 0, '', '', 32000, 0, ''),
(482, '2018-06-09', 1, 1, 3, 'Fajri Aminuddin', 0, '', '', 32000, 0, ''),
(483, '2018-06-09', 1, 1, 3, 'Mutmainnah Aminuddin', 0, '', '', 32000, 0, ''),
(484, '2018-06-09', 1, 1, 3, 'Miftahul Khaer Aminuddin', 0, '', '', 32000, 0, ''),
(485, '2018-06-09', 1, 1, 3, 'Bertje De Buck', 0, '', '', 32000, 0, ''),
(486, '2018-06-09', 1, 1, 3, 'Faosiah Aco', 0, '', '', 32000, 0, ''),
(487, '2018-06-09', 1, 1, 3, 'Arnold De Buck', 0, '', '', 32000, 0, ''),
(488, '2018-06-09', 1, 1, 3, 'Sovie De Buck', 0, '', '', 32000, 0, ''),
(489, '2018-06-09', 1, 1, 3, 'Erick De Buck', 0, '', '', 32000, 0, ''),
(490, '2018-06-09', 1, 1, 3, 'Olivia Anoelytha', 0, '', '', 32000, 0, ''),
(491, '2018-06-09', 1, 1, 3, '', 1, '', '', 35000, 0, ''),
(492, '2018-06-09', 1, 1, 3, 'Suparmoati', 0, '', '', 35000, 0, ''),
(493, '2018-06-09', 1, 1, 3, 'Afkar Zaki Yuma', 0, '', '', 32000, 0, ''),
(494, '2018-06-09', 1, 1, 3, 'Hibban Yuma Arrafi', 0, '', '', 35000, 0, ''),
(495, '2018-06-09', 1, 1, 3, 'Nafa Yuma Fenni', 0, '', '', 35000, 0, ''),
(496, '2018-06-09', 1, 1, 27, 'Suri', 0, '', '', 600000, 0, ''),
(497, '2018-06-09', 1, 1, 3, 'Hartati', 0, '', '', 30000, 0, ''),
(498, '2018-06-09', 1, 1, 3, 'A. Hasniar Jufri', 0, '', '', 30000, 0, ''),
(499, '2018-06-09', 1, 1, 3, 'Risma Hasan', 0, '', '', 30000, 0, ''),
(500, '2018-06-09', 1, 1, 3, 'Pancawati Mono', 0, '', '', 35000, 0, ''),
(501, '2018-06-09', 1, 1, 3, 'Yusril', 0, '', '', 96000, 0, ''),
(502, '2018-06-09', 1, 1, 3, '', 24, '', '', 35000, 0, ''),
(503, '2018-06-09', 1, 1, 3, '', 25, '', '', 35000, 0, ''),
(504, '2018-06-09', 1, 1, 3, 'Ahmad Dhiyatullah', 0, '', '', 35000, 0, ''),
(505, '2018-06-09', 1, 1, 3, 'Aunul Muwaffah', 0, '', '', 35000, 0, ''),
(506, '2018-06-09', 1, 1, 3, 'Wawan Almilah', 0, '', '', 35000, 0, ''),
(507, '2018-06-09', 1, 1, 2, '', 8, '', '', 500000, 0, ''),
(508, '2018-06-09', 1, 1, 27, 'Bawanan', 0, '', '', 750000, 0, ''),
(509, '2018-06-09', 1, 1, 3, 'Bawanan', 0, '', '', 35000, 0, ''),
(510, '2018-06-10', 1, 1, 3, 'A. Muh. Asikin', 0, '', '', 38000, 0, ''),
(511, '2018-06-10', 1, 1, 3, 'Hj. Takko', 0, '', '', 38000, 0, ''),
(512, '2018-06-10', 1, 1, 3, 'Rusli Amaliah', 0, '', '', 38000, 0, ''),
(513, '2018-06-10', 1, 1, 3, 'Muh. Sabirin', 0, '', '', 38000, 0, ''),
(514, '2018-06-10', 1, 1, 3, 'Basri Kalla', 0, '', '', 38000, 0, ''),
(515, '2018-06-10', 1, 1, 3, 'Muh. Mursyid', 0, '', '', 38000, 0, ''),
(516, '2018-06-10', 1, 1, 3, 'Annisa Tue Anna', 0, '', '', 38000, 0, ''),
(517, '2018-06-10', 1, 1, 3, 'Yumna Nafisa Almira', 0, '', '', 38000, 0, ''),
(518, '2018-06-10', 1, 1, 3, 'Hj. Nuraini. L', 0, '', '', 35000, 0, ''),
(519, '2018-06-10', 1, 1, 3, '', 11, '', '', 35000, 0, ''),
(520, '2018-06-10', 1, 1, 3, '', 61, '', '', 35000, 0, ''),
(521, '2018-06-10', 1, 1, 3, 'Arief Bado', 0, '', '', 35000, 0, ''),
(522, '2018-06-10', 1, 1, 3, 'Nurul Latifah', 0, '', '', 35000, 0, ''),
(523, '2018-06-10', 1, 1, 3, 'Ruslan Abdul Gani', 0, '', '', 24000, 0, ''),
(524, '2018-06-10', 1, 1, 3, 'Junaidi', 0, '', '', 28000, 0, ''),
(525, '2018-06-10', 1, 1, 3, 'Fausiah', 0, '', '', 28000, 0, ''),
(526, '2018-06-10', 1, 1, 3, 'Ferdi', 0, '', '', 28000, 0, ''),
(527, '2018-06-10', 1, 1, 3, 'Muh. Fajar', 0, '', '', 28000, 0, ''),
(528, '2018-06-10', 1, 1, 3, 'Muh. Raihan', 0, '', '', 28000, 0, ''),
(529, '2018-06-10', 1, 1, 3, 'Zaenab', 0, '', '', 28000, 0, ''),
(530, '2018-06-10', 1, 1, 3, 'Hamka Halede', 0, '', '', 35000, 0, ''),
(531, '2018-06-10', 1, 1, 3, 'Sitti Hajar', 0, '', '', 35000, 0, ''),
(532, '2018-06-10', 1, 1, 3, 'Zalfa Syauqiyah Hamka', 0, '', '', 35000, 0, ''),
(533, '2018-06-10', 1, 1, 3, 'Nafil Musyaffa', 0, '', '', 35000, 0, ''),
(534, '2018-06-10', 1, 1, 3, 'Hj. Zaenal Abidin', 0, '', '', 40000, 0, ''),
(535, '2018-06-10', 1, 1, 3, 'Hj. Tarbiyah Alwi', 0, '', '', 40000, 0, ''),
(536, '2018-06-10', 1, 1, 3, 'Nur Afdhal. 2', 0, '', '', 40000, 0, ''),
(537, '2018-06-10', 1, 1, 3, 'Nur Alim 2', 0, '', '', 40000, 0, ''),
(538, '2018-06-10', 1, 1, 3, 'Algazali', 0, '', '', 40000, 0, ''),
(539, '2018-06-10', 1, 1, 3, 'Muh. Naufal', 0, '', '', 40000, 0, ''),
(540, '2018-06-10', 1, 1, 3, 'Nandita', 0, '', '', 40000, 0, ''),
(541, '2018-06-11', 1, 1, 3, 'Dra. Hj. Marhama. W', 0, '', '', 35000, 0, ''),
(542, '2018-06-11', 1, 1, 3, 'Kharerullah Mustawal', 0, '', '', 35000, 0, ''),
(543, '2018-06-11', 1, 1, 3, 'Istianah Mustawala', 0, '', '', 35000, 0, ''),
(544, '2018-06-11', 1, 1, 3, 'Dr. Nasaruddin Umar', 0, '', '', 35000, 0, ''),
(545, '2018-06-11', 1, 1, 3, 'Sumiaty Nasir,S. Si', 0, '', '', 35000, 0, ''),
(546, '2018-06-11', 1, 1, 3, 'Rajwa Qurratuaini', 0, '', '', 35000, 0, ''),
(547, '2018-06-11', 1, 1, 3, 'Rafifah Fatimah', 0, '', '', 35000, 0, ''),
(548, '2018-06-11', 1, 1, 3, 'Akbar Mallarangeng', 0, '', '', 32000, 0, ''),
(549, '2018-06-11', 1, 1, 3, 'Titin Salma salam', 0, '', '', 32000, 0, ''),
(550, '2018-06-11', 1, 1, 3, 'Fariz', 0, '', '', 32000, 0, ''),
(551, '2018-06-11', 1, 1, 3, 'Nayla', 0, '', '', 32000, 0, ''),
(552, '2018-06-11', 1, 1, 3, 'M. Salam , H', 0, '', '', 32000, 0, ''),
(553, '2018-06-11', 1, 1, 3, 'Drs. A. Zaenal', 0, '', '', 30000, 0, ''),
(554, '2018-06-11', 1, 1, 3, 'A. Esse Tenri', 0, '', '', 30000, 0, ''),
(555, '2018-06-11', 1, 1, 3, 'Yuli Aqiliah', 0, '', '', 30000, 0, ''),
(556, '2018-06-11', 1, 1, 3, 'Yuli Aqilah', 0, '', '', 30000, 0, ''),
(557, '2018-06-11', 1, 1, 3, 'Yuri Auliah', 0, '', '', 30000, 0, ''),
(558, '2018-06-11', 1, 1, 3, 'RyuzalinDiaz', 0, '', '', 30000, 0, ''),
(559, '2018-06-11', 1, 1, 3, 'A. Muh. Akbar', 0, '', '', 30000, 0, ''),
(560, '2018-06-11', 1, 1, 3, 'Delila Esayanti', 0, '', '', 30000, 0, ''),
(561, '2018-06-11', 1, 1, 3, 'A. Surya Fatih', 0, '', '', 30000, 0, ''),
(562, '2018-06-11', 1, 1, 3, 'A. Abd. Salam', 0, '', '', 30000, 0, ''),
(563, '2018-06-11', 1, 1, 3, 'Kiki Lindasari', 0, '', '', 30000, 0, ''),
(564, '2018-06-11', 1, 1, 3, 'A. Safitri', 0, '', '', 30000, 0, ''),
(565, '2018-06-11', 1, 1, 3, 'A. Manyadi', 0, '', '', 35000, 0, ''),
(566, '2018-06-11', 1, 1, 3, 'Ainun Ruslina', 0, '', '', 35000, 0, ''),
(567, '2018-06-11', 1, 1, 3, '', 54, '', '', 35000, 0, ''),
(568, '2018-06-11', 1, 1, 3, 'Hj. Musdalifah Thamrin', 0, '', '', 35000, 0, ''),
(569, '2018-06-11', 1, 1, 3, 'Alika Nayla', 0, '', '', 35000, 0, ''),
(570, '2018-06-11', 1, 1, 3, '', 36, 'Rita jumita, Haurahzahrany, Haiyuna Sahy', '', 155000, 0, ''),
(571, '2018-06-11', 1, 1, 2, '', 36, '', '', 100000, 0, ''),
(572, '2018-06-11', 1, 1, 3, 'Anwar Adam', 0, '15 Orang ', '', 170000, 0, ''),
(573, '2018-06-11', 1, 1, 3, 'Bahrul', 0, '3 Orang', '', 102000, 0, ''),
(574, '2018-06-11', 1, 1, 3, 'Asdar Dollo', 0, '', '', 30000, 0, ''),
(575, '2018-06-11', 1, 1, 3, 'Anjani', 0, '', '', 30000, 0, ''),
(576, '2018-06-11', 1, 1, 3, 'Alfatih Asdar', 0, '', '', 30000, 0, ''),
(577, '2018-06-11', 1, 1, 3, 'Musir Dollo', 0, '', '', 30000, 0, ''),
(578, '2018-06-11', 1, 1, 3, 'Herman', 0, '', '', 35000, 0, ''),
(579, '2018-06-11', 1, 1, 3, 'Syamsiah', 0, '', '', 35000, 0, ''),
(580, '2018-06-11', 1, 1, 3, 'Muh. Uwais Herman', 0, '', '', 35000, 0, ''),
(581, '2018-06-11', 1, 1, 3, 'Alif Ardiansyah Usman', 0, '', '', 35000, 0, ''),
(582, '2018-06-11', 1, 1, 3, 'Hasrmiati Lasuba', 0, '', '', 35000, 0, ''),
(583, '2018-06-11', 1, 1, 3, 'Agung Saputra', 0, 'Nurhikmah,Maemunah, Syahrah Ramadan,M. Alif Rezki', '', 525000, 0, ''),
(584, '2018-06-11', 1, 1, 3, 'A. Muh. Ayub', 0, '', '', 35000, 0, ''),
(585, '2018-06-11', 1, 1, 3, 'Firdayanti', 0, '', '', 35000, 0, ''),
(586, '2018-06-11', 1, 1, 3, 'A. Mutiara Ediellah', 0, '', '', 35000, 0, ''),
(587, '2018-06-11', 1, 1, 3, 'A. Masyul al-Zaidan', 0, '', '', 35000, 0, ''),
(588, '2018-06-11', 1, 1, 1, '', 108, '', '', 100000, 0, ''),
(589, '2018-06-11', 1, 1, 3, 'M. Yusuf', 0, 'Agustia Yusuf, M. Jumrah, ST. Jumriah. Y, Muh. Salahuddin', '', 160000, 0, ''),
(590, '2018-06-11', 1, 1, 3, 'Ahmad', 0, '', '', 38000, 0, ''),
(591, '2018-06-11', 1, 1, 3, 'Satriah', 0, '', '', 38000, 0, ''),
(592, '2018-06-12', 1, 1, 2, 'Endang Kurniaty', 0, '', '', 90000, 0, ''),
(593, '2018-06-12', 1, 1, 3, 'H. Muh. Tamrin. P', 0, 'Hj. Rohana Abdullah, Mustajab Thamrin, Ridwan, Sri Sukma Dewi', '', 175000, 0, ''),
(594, '2018-06-12', 1, 1, 3, 'Ayusparil', 0, 'Muspita Sari Thani, A. Aqila Kharumnisa', '', 105000, 0, ''),
(595, '2018-06-12', 1, 1, 3, 'Syawal', 0, '5 Orang (Syawal, Herawati Yusuf, Dzakir Fathanah. S, Dulerul Fathanah. S, Diaulhaq Syawal)', '', 170000, 0, ''),
(596, '2018-06-12', 1, 1, 3, 'Muslim Salam', 0, '7 Orang ( Muslim Salam, Muslim Salam, Hijratul Nur M, Nur Asmi Ramadana, M. Chaerul Muslim, Nur Fadillah, M. Nabyil)', '', 217000, 0, ''),
(597, '2018-06-12', 1, 1, 2, '', 64, '', '', 300000, 0, ''),
(598, '2018-06-12', 1, 1, 3, 'H. Kahri Yunus', 0, '2 Orang (H. Kahri Yunus, Hj. Maryam Madani)', '', 70000, 0, ''),
(599, '2018-06-12', 1, 1, 3, 'Muh. Nurmaallah', 0, '4 Orang (Muh. Nurmaallah, Hj. Rafiah Kahri, Fathsya Dhinanut, Fatsyabhira Nur)', '', 140000, 0, ''),
(600, '2018-06-12', 1, 1, 2, 'Muh. Yusuf Muin', 0, '', '', 304000, 0, ''),
(601, '2018-06-12', 1, 1, 3, 'Nurliana', 0, '5 Orang (Nurliana, Muh. Daffakhair Yusuf, Muh. Dzakwan Yusuf, Muh. Yusuf Rima, Syamsuriani Rima)', '', 160000, 0, ''),
(602, '2018-06-12', 1, 1, 2, 'Murliana', 0, '', '', 100000, 0, ''),
(603, '2018-06-12', 1, 1, 27, 'Fidyah', 0, '', '', 300000, 0, ''),
(604, '2018-06-12', 1, 1, 3, 'Henni Kumala Dewi ', 0, '6 Orang', '', 210000, 0, ''),
(605, '2018-06-12', 1, 1, 3, 'Abd Rahman. M', 0, '6 Orang (Abd Rahman. M, Taswiah, Nur Rahma, Taufiaul Hag, Nuramalina, Khairun Nisa)', '', 192000, 0, ''),
(606, '2018-06-12', 1, 1, 27, 'Andong', 0, '', '', 300000, 0, ''),
(607, '2018-06-12', 1, 1, 3, 'Asrul Daming', 0, '2 Orang ( Asrul Daming, Yulianti)', '', 70000, 0, ''),
(608, '2018-06-12', 1, 1, 3, 'Ir. Hasanuddin Hasan', 0, '4 Orang (Ir. Hasanuddin Hasan, Drg. A. Cenrana, A. Adeliya Nurmadani, a. adlan Naufal)', '', 140000, 0, ''),
(609, '2018-06-12', 1, 1, 3, 'Chadar Wijaya', 0, '4 Orang (Chadar Wijaya, Makhrajani. M, Muh. Riffat Arkana, Muh. Rafif Alfatih)', '', 128000, 0, ''),
(610, '2018-06-13', 1, 1, 1, 'Mustafa', 0, '', '', 250000, 0, ''),
(611, '2018-06-13', 1, 1, 3, 'Laode Nasar', 0, '5 Orang (Laode Nasar, Nurmaya, Alfirah Ramadani, Laode Fiqhy, Laode Muh. R)', '', 160000, 0, ''),
(612, '2018-06-13', 1, 1, 3, 'Arief Rahman', 0, '5 Orang (Arief Rahman, Sulfadiyanti Tahir, Alesha Azzahra, Nadiva Nadene Nadkhanya, Naushad Hafiz)', '', 160000, 0, ''),
(613, '2018-06-13', 1, 1, 1, 'Arif Rahman', 0, '', '', 32000, 0, ''),
(614, '2018-06-13', 1, 1, 1, 'Safruddin', 0, '', '', 50000, 0, ''),
(615, '2018-06-13', 1, 1, 1, 'Fatmawati', 0, '', '', 50000, 0, ''),
(616, '2018-06-13', 1, 1, 1, 'Muh. Yusuf Fauzan', 0, '', '', 50000, 0, ''),
(617, '2018-06-13', 1, 1, 1, 'Aulia Safitri', 0, '', '', 50000, 0, ''),
(618, '2018-06-13', 1, 1, 1, 'Marissa Narfah', 0, '', '', 50000, 0, ''),
(619, '2018-06-13', 1, 1, 2, 'Arifin Abdi Akbar', 0, '', '', 250000, 0, ''),
(620, '2018-06-13', 1, 1, 3, 'Muh. Islah', 0, '4 Orang (Muh. Islah, Muh. Raihan, Muh. Faqih, Muh. Rafif)', '', 136000, 0, ''),
(621, '2018-06-13', 1, 1, 3, 'Ir. Suryadi', 0, '9 Orang (Ir. Suryadi, A. Darnawati, Fakhrizal, S, Fahyuni Farawati, Ahmad Subarkah, Dwiyani Lestari, Nur Rahmat, Dwi Yana Kusuma, Arsyla Mufia)', '', 315000, 0, ''),
(622, '2018-06-13', 1, 1, 3, 'A. muh. Ridwan', 0, '3 Orang (A. muh. Ridwan, A. Camma, A. Alisah)', '', 140000, 0, ''),
(623, '2018-06-13', 1, 1, 3, 'Ardiansyah', 0, '4 Orang (Ardiansyah, Nurlaela, Muh. Yusril, Muh. Yusrifar)', '', 150000, 0, ''),
(624, '2018-06-13', 1, 1, 3, 'Syamsuddin, DS', 0, '3 Orang (Syamsuddin, DS, Risdawati, Sioro Dg. Ngitian)', '', 50000, 0, ''),
(625, '2018-06-13', 1, 1, 3, 'Nasir Saibu', 0, '5 Orang (Nasir Saibu,Kasmawaty, Ari Putra p, Muh. Dzaky, Aulia Salzabilah)', '', 200000, 0, ''),
(626, '2018-06-13', 1, 1, 3, 'Abd. Razak', 0, '4 Orang (Abd. Razak,Nurhayati Ali, Salman, Hetty Reskiya)', '', 130000, 0, ''),
(627, '2018-06-14', 1, 1, 3, 'Asnadi Tajuddin', 0, '5 Orang (Asnadi Tajuddin, Indri Asari.H, Tazkiyah Ainu. JP, Ammarullah Aflah, Yumna Triana)', '', 260000, 0, ''),
(628, '2018-06-14', 1, 1, 3, 'Umar Sanusi', 0, '6 Orang (Umar Sanusi, Umar Sanusi, Abd. Malik, Fatimah Azzahrah, Muh. Syafii, Ummul Amin)', '', 210000, 0, ''),
(629, '2018-06-14', 1, 1, 3, 'Ummul Amin', 0, '2 Orang (Ummul Amin, Antas Suaib)', '', 70000, 0, ''),
(630, '2018-06-14', 1, 1, 3, 'M. Aras Asia', 0, '2 Orang (M. Aras Asia fasrunnisa)', '', 70000, 0, '');
INSERT INTO `tb_transaksi` (`id_transaksi`, `tanggal`, `id_kategori`, `id_nkategori`, `id_jenis`, `donatur`, `id_muzakki`, `uraian`, `bukti`, `kas`, `non_kas`, `satuan`) VALUES
(631, '2018-06-14', 1, 1, 3, 'Aulia', 0, '4 Orang (Aulia, Khadijah, Sakinah, Marsel)', '', 160000, 0, ''),
(632, '2018-06-14', 1, 1, 3, '', 3, '4 Orang', '', 140000, 0, ''),
(633, '2018-06-14', 1, 1, 1, 'Emil Paliwengi', 0, '', '', 1250000, 0, ''),
(634, '2018-06-14', 1, 1, 3, 'Joni', 0, '', '', 32000, 0, ''),
(635, '2018-06-14', 1, 1, 3, 'Arifin M', 0, '4 Orang (Arifin M, Rahmawati, Chaerani Wilda, Dede Ilham)', '', 140000, 0, ''),
(636, '2018-06-14', 1, 1, 3, '', 90, '4 Orang (Anshari Bado, Febrianti, Khairun Nisa, Khaerul Azzam)', '', 150000, 0, ''),
(637, '2018-06-14', 1, 1, 3, 'Mariatul Kiftad', 0, '5 Orang (Mariatul Kiftad, Badarid, Mugh Aslam, Muh. Rayyan, Chariyah Awaliah)', '', 120000, 0, ''),
(638, '2018-06-14', 1, 1, 3, 'A. Tanra', 0, '', '', 35000, 0, ''),
(639, '2018-06-14', 1, 1, 3, 'A. Nurbaya', 0, '', '', 40000, 0, ''),
(640, '2018-08-02', 1, 1, 2, 'Sudarmono', 0, '', '', 65000, 0, ''),
(641, '2018-08-12', 1, 1, 1, 'Kursus Online', 0, '', '', 200000, 0, ''),
(642, '2018-08-16', 1, 1, 1, 'Rosdiana', 0, '', '', 102000, 0, ''),
(643, '2018-08-30', 1, 1, 2, 'SD Muhammadiyah 2', 0, '', '', 1210000, 0, ''),
(644, '2018-09-01', 1, 1, 2, '', 50, '', '', 5000000, 0, ''),
(645, '2018-10-01', 1, 1, 2, '', 53, '', '', 125000, 0, ''),
(646, '2018-10-11', 1, 1, 2, 'ST. Hajar', 0, '', '', 400000, 0, ''),
(647, '2018-10-30', 1, 1, 2, 'Badaruddin, S. Pd', 0, '', '', 200000, 0, ''),
(648, '2018-11-17', 1, 1, 1, 'Rosnah', 0, '', '', 50000, 0, ''),
(649, '2018-11-17', 1, 1, 1, '', 86, '', '', 50000, 0, ''),
(650, '2018-11-17', 1, 1, 1, 'A. Nelli', 0, '', '', 50000, 0, ''),
(651, '2018-11-17', 1, 1, 1, '', 56, '', '', 50000, 0, ''),
(652, '2018-11-17', 1, 1, 1, 'Atika Fitrah Utami', 0, '', '', 50000, 0, ''),
(653, '2018-11-22', 1, 1, 1, 'Hj. Suryanti', 0, '', '', 50000, 0, ''),
(654, '2018-01-03', 1, 2, 25, 'Mahasiswa Stain', 0, '', '', 6000000, 0, ''),
(655, '2018-01-03', 1, 2, 26, 'FEKON', 0, '', '', 500000, 0, ''),
(656, '2018-01-04', 1, 1, 9, 'Polisi', 0, '', '', 200000, 0, ''),
(657, '2018-01-04', 1, 2, 26, 'Masjid Al- Kharit', 0, '', '', 100000, 0, ''),
(658, '2018-01-05', 1, 2, 26, 'SD Muhammadiyah 2 Parepare', 0, '', '', 1450000, 0, ''),
(659, '2018-01-05', 1, 2, 26, 'SMAN 3 Parepare', 0, '', '', 584000, 0, ''),
(660, '2018-01-07', 1, 1, 9, 'Infaq Kaleng', 0, '', '', 91000, 0, ''),
(661, '2018-01-07', 1, 2, 26, 'Hj. Nurhayati Hasan', 0, '', '', 100000, 0, ''),
(662, '2018-01-07', 1, 2, 26, 'Muh. Ramadhan', 0, '', '', 100000, 0, ''),
(663, '2018-01-07', 1, 2, 26, 'A. Surya', 0, '', '', 100000, 0, ''),
(664, '2018-01-07', 1, 2, 26, 'Alfah', 0, '', '', 100000, 0, ''),
(665, '2018-01-07', 1, 2, 26, 'Mutmainnah', 0, '', '', 100000, 0, ''),
(666, '2018-01-07', 1, 2, 26, 'Sugiarti', 0, '', '', 100000, 0, ''),
(667, '2018-01-07', 1, 2, 26, 'Ishak', 0, '', '', 100000, 0, ''),
(668, '2018-01-11', 1, 2, 26, 'SMP 2 Parepare', 0, '', '', 1200000, 0, ''),
(669, '2018-01-13', 1, 2, 26, 'Amir Patintingan', 0, '', '', 300000, 0, ''),
(670, '2018-01-20', 1, 2, 26, 'SMP 2 Parepare', 0, '', '', 1200000, 0, ''),
(671, '2018-01-23', 1, 2, 26, 'Darwis Danil', 0, '', '', 1000000, 0, ''),
(672, '2018-01-25', 1, 2, 26, 'SMA Muhammadiyah', 0, '', '', 945000, 0, ''),
(673, '2018-01-25', 1, 2, 26, 'Hj. Suraeda', 0, '', '', 1000000, 0, ''),
(674, '2018-01-27', 1, 2, 28, 'SMP 2 Parepare', 0, '', '', 1200000, 0, ''),
(675, '2018-01-27', 1, 2, 26, 'Arbah', 0, '', '', 1000000, 0, ''),
(676, '2018-01-29', 1, 2, 26, 'Fapetrik', 0, '', '', 1000000, 0, ''),
(677, '2018-02-01', 1, 2, 26, 'SMP 9 Parepare', 0, '', '', 1522000, 0, ''),
(678, '2018-02-01', 1, 2, 26, 'Waspada Santing', 0, '', '', 1000000, 0, ''),
(679, '2018-02-02', 1, 2, 26, 'A. Yuliani', 0, '', '', 1000000, 0, ''),
(680, '2018-02-02', 1, 1, 9, 'Hasni', 0, '', '', 100000, 0, ''),
(681, '2018-02-02', 1, 2, 26, 'Halim Haryono', 0, '', '', 1000000, 0, ''),
(682, '2018-02-02', 1, 2, 28, 'SMP 3 Parepare', 0, '', '', 307000, 0, ''),
(683, '2018-02-02', 1, 2, 28, 'Masniar', 0, '', '', 619500, 0, ''),
(684, '2018-02-08', 1, 2, 28, 'SMP 2 Parepare', 0, '', '', 1000000, 0, ''),
(685, '2018-02-08', 1, 2, 28, 'SDN 45 Parepare', 0, '', '', 373000, 0, ''),
(686, '2018-02-13', 1, 1, 9, 'Suherman', 0, '', '', 105000, 0, ''),
(687, '2018-02-18', 1, 1, 27, 'Mansuara', 0, '', '', 149000, 0, ''),
(688, '2018-02-22', 1, 2, 28, 'SMP 6 Parepare', 0, '', '', 250000, 0, ''),
(689, '2018-02-27', 1, 1, 9, 'Kary. PT. H. Kalla Parepare', 0, '', '', 500000, 0, ''),
(690, '2018-03-03', 1, 2, 28, 'SMP 9 Parepare', 0, '', '', 121500, 0, ''),
(691, '2018-03-05', 1, 2, 28, 'Hamba Allah', 0, '', '', 149000, 0, ''),
(692, '2018-03-06', 1, 1, 9, 'SMP 12 Parepare', 0, '', '', 275000, 0, ''),
(693, '2018-03-07', 1, 1, 9, 'SMP 1 Parepare', 0, '', '', 525100, 0, ''),
(694, '2018-03-09', 1, 1, 9, 'SD 3 Parepare', 0, '', '', 1730600, 0, ''),
(695, '2018-03-13', 1, 1, 9, '', 12, '', '', 125000, 0, ''),
(696, '2018-03-13', 1, 1, 9, '', 15, '', '', 61000, 0, ''),
(697, '2018-03-16', 1, 2, 28, 'SD 3 Parepare', 0, '', '', 515000, 0, ''),
(698, '2018-03-13', 1, 1, 9, 'SD 55 Parepare', 0, '', '', 1160000, 0, ''),
(699, '2018-03-23', 1, 1, 9, 'Dhyra MR', 0, '', '', 104000, 0, ''),
(700, '2018-03-24', 1, 1, 9, 'SD Muhammadiyah 1 Parepare', 0, '', '', 236000, 0, ''),
(701, '2018-03-24', 1, 1, 9, 'SD 48 Parepare', 0, '', '', 500500, 0, ''),
(702, '2018-03-27', 1, 1, 9, 'DI Besse', 0, '', '', 500000, 0, ''),
(703, '2018-03-27', 1, 1, 9, 'SD 3 Parepare', 0, '', '', 126000, 0, ''),
(704, '2018-04-01', 1, 2, 28, 'SD 3 Parepare', 0, '', '', 637400, 0, ''),
(705, '2018-04-13', 1, 1, 9, 'SMP 4 Parepare', 0, '', '', 344000, 0, ''),
(706, '2018-04-14', 1, 1, 9, 'SMP 9 Parepare', 0, '', '', 631500, 0, ''),
(707, '2018-04-20', 1, 1, 9, 'Toyota Kalla', 0, '', '', 1100000, 0, ''),
(708, '2018-05-09', 1, 2, 28, 'SMP 5 Parepare', 0, '', '', 307000, 0, ''),
(709, '2018-05-14', 1, 1, 9, 'Toyota Kalla', 0, '', '', 1000000, 0, ''),
(710, '2018-05-15', 1, 2, 28, 'SMP 4 Parepare', 0, '', '', 332000, 0, ''),
(711, '2018-05-18', 1, 1, 9, 'Brimob', 0, '', '', 300000, 0, ''),
(712, '2018-05-19', 1, 1, 9, 'SD 3 Parepare', 0, '', '', 216000, 0, ''),
(713, '2018-05-20', 1, 2, 28, 'SMP 5 Parepare', 0, '', '', 68000, 0, ''),
(714, '2018-05-24', 1, 1, 9, 'Telkom', 0, '', '', 1300000, 0, ''),
(715, '2018-05-26', 1, 1, 9, '', 22, '', '', 79000, 0, ''),
(716, '2018-05-26', 1, 1, 9, 'SD 61 Parepare', 0, '', '', 49000, 0, ''),
(717, '2018-05-26', 1, 1, 9, 'SD 22 Parepare', 0, '', '', 152800, 0, ''),
(718, '2018-06-07', 1, 2, 28, 'SD 3 Parepare', 0, '', '', 405000, 0, ''),
(719, '2018-06-07', 1, 1, 9, 'Call Center 112', 0, '', '', 300000, 0, ''),
(720, '2018-06-08', 1, 2, 28, 'SMP 4 Parepare', 0, '', '', 735000, 0, ''),
(721, '2018-06-08', 1, 1, 9, 'Donasi Sosial', 0, '', '', 100000, 0, ''),
(722, '2018-06-08', 1, 1, 9, 'Hj. Marwani Mannang', 0, '', '', 50000, 0, ''),
(723, '2018-06-08', 1, 1, 9, 'Muh. Ramadan', 0, '', '', 100000, 0, ''),
(724, '2018-06-09', 1, 1, 9, 'Erna Maharatma', 0, '', '', 100000, 0, ''),
(725, '2018-06-09', 1, 1, 9, 'Ratmi', 0, '', '', 100000, 0, ''),
(726, '2018-06-09', 1, 1, 9, 'Andi Niar', 0, '', '', 100000, 0, ''),
(727, '2018-06-12', 1, 2, 28, 'Besse Tenriwati', 0, '', '', 71000, 0, ''),
(728, '2018-06-12', 1, 1, 9, 'A. Faisal', 0, '', '', 52000, 0, ''),
(729, '2018-06-12', 1, 1, 9, 'Toyota Kalla', 0, '', '', 1000000, 0, ''),
(730, '2018-06-13', 1, 1, 9, 'Ama', 0, '', '', 75000, 0, ''),
(731, '2018-06-13', 1, 1, 9, 'Nurhaedah', 0, '', '', 277000, 0, ''),
(732, '2018-06-13', 1, 1, 9, 'Kaleng 36', 0, '', '', 136000, 0, ''),
(733, '2018-06-14', 1, 1, 9, 'Dalle Tang', 0, '', '', 130000, 0, ''),
(734, '2018-06-14', 1, 1, 9, 'Dalle Tang', 0, '', '', 130000, 0, ''),
(735, '2018-06-14', 1, 1, 9, 'Aulia', 0, '', '', 340000, 0, ''),
(736, '2018-06-14', 1, 1, 9, 'Hamba Allah', 0, '', '', 100000, 0, ''),
(737, '2018-06-14', 1, 1, 9, 'Kaleng 10', 0, '', '', 96000, 0, ''),
(738, '2018-06-14', 1, 1, 9, 'RE', 0, '', '', 192000, 0, ''),
(739, '2018-06-14', 1, 1, 9, 'Antas Suaib', 0, '', '', 130000, 0, ''),
(740, '2018-06-14', 1, 1, 9, 'Jusri', 0, '', '', 86300, 0, ''),
(741, '2018-06-14', 1, 1, 9, 'MariatiTaftah', 0, '', '', 50000, 0, ''),
(742, '2018-06-14', 1, 1, 9, 'Andi Tanra', 0, '', '', 25000, 0, ''),
(743, '2018-07-03', 1, 1, 9, 'Kursus Online Parepare', 0, '', '', 150000, 0, ''),
(744, '2018-07-04', 1, 1, 9, 'SMP Muhammadiyah', 0, '', '', 170000, 0, ''),
(745, '2018-07-05', 1, 1, 9, 'Muh. Yusuf', 0, '', '', 60000, 0, ''),
(746, '2018-07-05', 1, 1, 9, 'M. Fayat', 0, '', '', 540000, 0, ''),
(747, '2018-08-01', 1, 1, 9, 'Manswara', 0, '', '', 188300, 0, ''),
(748, '2018-08-02', 1, 1, 9, 'SMA 2 Parepare', 0, '', '', 200000, 0, ''),
(749, '2018-08-03', 1, 1, 9, 'Muh. Alfayat', 0, '', '', 257500, 0, ''),
(750, '2018-08-03', 1, 1, 9, 'Hamba Allah', 0, '', '', 1000000, 0, ''),
(751, '2018-10-25', 1, 1, 9, 'Aliansi UKM UMPAR', 0, '', '', 6060000, 0, ''),
(752, '2018-11-07', 1, 1, 9, 'SMK Bahari Parepare', 0, '', '', 426000, 0, ''),
(753, '2018-11-07', 1, 1, 9, 'HJ. Marwati', 0, '', '', 200000, 0, ''),
(754, '2018-11-12', 1, 1, 9, '', 93, '', '', 115000, 0, ''),
(755, '2018-11-12', 1, 1, 9, 'Hartini', 0, '', '', 250000, 0, ''),
(756, '2018-11-13', 1, 1, 9, 'Toyota Kalla', 0, '', '', 5000000, 0, ''),
(757, '2018-11-13', 1, 1, 9, 'Hj. Murlina Kasim', 0, '', '', 250000, 0, ''),
(758, '2018-11-26', 1, 1, 9, '', 39, '', '', 100000, 0, ''),
(759, '2018-11-29', 1, 1, 9, 'Kaleng 46', 0, '', '', 119500, 0, ''),
(760, '2018-11-30', 1, 1, 9, 'SD 3 Parepare', 0, '', '', 590500, 0, ''),
(761, '2018-11-30', 1, 1, 9, 'Kaleng 311', 0, '', '', 141950, 0, ''),
(762, '2018-12-04', 1, 1, 9, 'Yunus', 0, '', '', 400000, 0, ''),
(763, '2018-12-06', 1, 1, 9, '', 74, '', '', 250000, 0, ''),
(764, '2018-12-10', 1, 1, 9, '', 123, '', '', 2000000, 0, ''),
(765, '2018-12-10', 1, 1, 9, '', 50, '', '', 3000000, 0, ''),
(766, '2018-12-12', 1, 1, 9, 'Hj. Naim', 0, '', '', 500000, 0, ''),
(767, '2018-12-12', 1, 1, 9, 'Hj. A. Hikmah', 0, '', '', 200000, 0, ''),
(768, '2018-12-12', 1, 1, 9, 'Hj. Rukiah', 0, '', '', 90000, 0, ''),
(769, '2018-12-12', 1, 1, 9, 'Hj. Nahlah', 0, '', '', 50000, 0, ''),
(770, '2018-12-12', 1, 1, 9, 'A. Salmah', 0, '', '', 72100, 0, ''),
(771, '2018-12-12', 1, 1, 9, 'Hasliah', 0, '', '', 57500, 0, ''),
(772, '2918-12-12', 1, 1, 9, 'Sukmawati', 0, '', '', 50000, 0, ''),
(773, '2018-12-12', 1, 1, 9, 'Hj. Ria Baharia', 0, '', '', 45000, 0, ''),
(774, '2018-12-13', 1, 1, 9, 'Kaleng 9', 0, '', '', 158000, 0, ''),
(775, '2018-12-16', 1, 1, 9, 'Hasmawati', 0, '', '', 200000, 0, ''),
(776, '2018-12-16', 1, 1, 9, 'Syamsiah Widi', 0, '', '', 172500, 0, ''),
(777, '2018-12-16', 1, 1, 9, 'Syamsiah, M. Pd', 0, '', '', 305000, 0, ''),
(778, '2018-12-16', 1, 1, 9, 'Megawati/M. Nasir', 0, '', '', 260000, 0, ''),
(779, '2018-12-16', 1, 1, 9, 'Imawati', 0, '', '', 100000, 0, ''),
(780, '2018-12-16', 1, 1, 9, 'Nani', 0, '', '', 172300, 0, ''),
(781, '2018-12-27', 1, 1, 9, 'Toyota Kalla Soreang', 0, '', '', 1000000, 0, ''),
(782, '2018-01-08', 2, 4, 24, '', 0, 'Spanduk Lazismu', '', 180000, 0, ''),
(783, '2018-01-08', 2, 4, 18, '', 0, 'Kebutuhan di Tangerang', '', 34000, 0, ''),
(784, '2018-01-09', 2, 4, 24, '', 0, 'Kabel Bundar (SD Muh. 4 Parepare)', '', 105000, 0, ''),
(785, '2018-01-09', 2, 4, 24, '', 0, 'Kabel AC Tape', '', 15000, 0, ''),
(786, '2018-03-24', 2, 3, 11, '', 0, 'Bantuan (Beras 10 kg & Indomie 1 dos)', '', 185000, 0, ''),
(787, '2018-05-02', 2, 4, 18, '', 0, 'Makanan Siang Karyawan', '', 166000, 0, ''),
(788, '2018-06-25', 2, 4, 21, '', 0, 'Perlengkapan Kantor ', '', 121000, 0, ''),
(789, '2018-06-25', 2, 4, 19, '', 0, 'BBM Mobil', '', 100000, 0, ''),
(790, '2018-06-26', 2, 4, 19, '', 0, 'BBM Mobil', '', 200000, 0, ''),
(791, '2018-07-11', 2, 4, 18, '', 0, 'Minuman Karyawan', '', 76000, 0, ''),
(792, '2018-07-11', 2, 4, 18, '', 0, 'Minuman Karyawan', '', 10000, 0, ''),
(793, '2018-07-11', 2, 4, 18, '', 0, 'Minuman Karyawan', '', 85000, 0, ''),
(794, '2018-07-22', 2, 4, 19, '', 0, 'BBM Mobil (sidrap - parepare)', '', 250000, 0, ''),
(795, '2018-07-23', 2, 4, 23, '', 0, 'Service Mobil Kantor', '', 126000, 0, ''),
(796, '2018-07-25', 2, 4, 24, '', 0, 'Biaya Parkir Bandara', '', 9000, 0, ''),
(797, '2018-07-30', 2, 4, 21, '', 0, 'Perlengkapan Kantor ', '', 35000, 0, ''),
(798, '2018-07-31', 2, 4, 18, '', 0, 'Minuman Karyawan', '', 34000, 0, ''),
(799, '2018-08-09', 2, 4, 24, '', 0, 'Spanduk Lazismu', '', 65000, 0, ''),
(800, '2018-08-13', 2, 4, 19, '', 0, 'BBM Mobil', '', 100000, 0, ''),
(801, '2018-08-16', 2, 4, 19, '', 0, 'BBM Mobil', '', 200000, 0, ''),
(802, '2018-08-17', 2, 4, 23, '', 0, 'Cuci Mobil Kantor', '', 65000, 0, ''),
(803, '2018-08-21', 2, 4, 19, '', 0, 'BBM Mobil Kantor', '', 100000, 0, ''),
(804, '2018-08-21', 2, 4, 18, '', 0, 'Snack Karyawan', '', 313500, 0, ''),
(805, '2018-08-28', 2, 4, 19, '', 0, 'BBM Mobil Kantor', '', 100000, 0, ''),
(806, '2018-09-04', 2, 4, 19, '', 0, 'BBM Mobil Kantor', '', 200000, 0, ''),
(807, '2018-09-07', 2, 4, 24, '', 0, 'Parkir Bandara ', '', 6000, 0, ''),
(808, '2018-09-20', 2, 4, 19, '', 0, 'BBM Mobil Kantor', '', 200000, 0, ''),
(809, '2018-10-02', 2, 3, 17, '', 0, 'Gaji Admin Lazismu', '', 1000000, 0, ''),
(810, '2018-10-03', 2, 4, 18, '', 0, 'Makanan Siang Karyawan', '', 110000, 0, ''),
(811, '2018-10-03', 2, 4, 19, '', 0, 'BBM Mobil Kantor', '', 100000, 0, ''),
(812, '2018-10-03', 2, 4, 24, '', 0, 'Duplikat Kunci Kantor', '', 35000, 0, ''),
(813, '2018-10-06', 2, 4, 24, '', 0, 'Stiker Perb. Power Windo', '', 300000, 0, ''),
(814, '2018-10-06', 2, 4, 21, '', 0, 'Spindol Jumbo Kantor', '', 40000, 0, ''),
(815, '2018-10-06', 2, 4, 24, '', 0, 'Spanduk Lazismu', '', 350000, 0, ''),
(816, '2018-10-06', 2, 4, 18, '', 0, 'Mantau 20 Pack', '', 500000, 0, ''),
(817, '2018-10-06', 2, 4, 23, '', 0, 'Ban Mobil Kantor', '', 1000000, 0, ''),
(818, '2018-10-07', 2, 4, 24, '', 0, 'Obat Karyawan', '', 25800, 0, ''),
(819, '2018-10-08', 2, 4, 19, '', 0, 'BBM Mobil Kantor', '', 300000, 0, ''),
(820, '2018-10-14', 2, 4, 18, '', 0, 'Makanan  Karyawan', '', 180000, 0, ''),
(821, '2018-10-15', 2, 4, 19, '', 0, 'BBM Mobil Kantor', '', 100000, 0, ''),
(822, '2018-10-20', 2, 4, 21, '', 0, 'Perlengkapan Kantor ', '', 145000, 0, ''),
(823, '2018-10-22', 2, 4, 20, '', 0, 'Pulsa Kantor', '', 229000, 0, ''),
(824, '2018-10-22', 2, 4, 24, '', 0, 'Donasi Sedekah di Alfa', '', 2500, 0, ''),
(825, '2018-10-22', 2, 4, 29, '', 0, 'Listrik Kantor', '', 357669, 0, ''),
(826, '2018-10-22', 2, 4, 22, '', 0, 'Wifi Kantor (3 Bln)', '', 958000, 0, ''),
(827, '2018-10-22', 2, 3, 11, '', 0, 'Pak Muharram', '', 300000, 0, ''),
(828, '2018-10-23', 2, 4, 19, '', 0, 'BBM Mobil Parepare - Barru', '', 350000, 0, ''),
(829, '2018-10-23', 2, 4, 30, '', 0, 'Tranfer Lazismu Pusat', '', 2533800, 0, ''),
(830, '2018-10-25', 2, 4, 20, '', 0, 'Pulsa Kantor', '', 50000, 0, ''),
(831, '2018-10-26', 2, 4, 18, '', 0, 'Makanan Karyawan', '', 82000, 0, ''),
(832, '2018-10-29', 2, 4, 30, '', 0, 'Tranfer Lazismu Pusat', '', 3004600, 0, ''),
(833, '2018-10-29', 2, 4, 30, '', 0, 'Tranfer Lazismu Muhammadiyah Jateng', '', 1500075, 0, ''),
(834, '2018-10-30', 2, 3, 17, '', 0, 'Gaji Admin Lazismu', '', 1000000, 0, ''),
(835, '2018-10-30', 2, 4, 24, '', 0, 'Biaya Operasional ', '', 3500000, 0, ''),
(836, '2018-11-02', 2, 3, 17, '', 0, 'Gaji Admin Lazismu', '', 1000000, 0, ''),
(837, '2018-11-02', 2, 4, 19, '', 0, 'BBM Mobil Kantor', '', 180000, 0, ''),
(838, '2018-11-03', 2, 4, 19, '', 0, 'BBM Mobil Kantor', '', 100000, 0, ''),
(839, '2018-11-05', 2, 4, 30, '', 0, 'Tranfer Lazismu Pusat', '', 1262000, 0, ''),
(840, '2018-11-07', 2, 4, 24, '', 0, 'Biaya Fotocopy', '', 76000, 0, ''),
(841, '2018-11-09', 2, 4, 18, '', 0, 'Air 1 dos (kantor)', '', 14000, 0, ''),
(842, '2018-11-11', 2, 4, 19, '', 0, 'BBM Mobil Kantor', '', 100000, 0, ''),
(843, '2018-11-13', 2, 4, 30, '', 0, 'Tranfer Lazismu Pusat', '', 5250000, 0, ''),
(844, '2018-11-14', 2, 4, 19, '', 0, 'BBM Mobil Kantor', '', 100000, 0, ''),
(845, '2018-11-14', 2, 4, 21, '', 0, 'Map Kantor', '', 15000, 0, ''),
(846, '2018-11-14', 2, 4, 21, '', 0, 'Nota Kwitansi Lazismu', '', 500000, 0, ''),
(847, '2018-11-14', 2, 4, 24, '', 0, 'Perbaikan Pintu Kantor', '', 140000, 0, ''),
(848, '2018-11-15', 2, 4, 24, '', 0, 'Duplikat Kunci Kantor', '', 25000, 0, ''),
(849, '2018-11-16', 2, 4, 24, '', 0, 'Mukhtamar XXI IPM Sidoarjo', '', 1000000, 0, ''),
(850, '2018-11-16', 2, 4, 24, '', 0, 'Biaya Operasional ', '', 1500000, 0, ''),
(851, '2018-11-16', 2, 4, 30, '', 0, 'Tranfer Lazismu PP Muhammadiyah', '', 1500025, 0, ''),
(852, '2018-11-17', 2, 4, 19, '', 0, 'BBM Mobil Kantor', '', 100000, 0, ''),
(853, '2018-11-19', 2, 4, 19, '', 0, 'BBM Mobil Kantor', '', 100000, 0, ''),
(854, '2018-11-23', 2, 4, 22, '', 0, 'Wifi Kantor ( Bulan 11 )', '', 125612, 0, ''),
(855, '2018-11-23', 2, 3, 31, '', 0, 'Beli semen SD Muh. 4 Parepare', '', 300000, 0, ''),
(856, '2018-11-26', 2, 4, 24, '', 0, 'Sumbangan Milad', '', 2000000, 0, ''),
(857, '2018-11-27', 2, 3, 11, '', 0, 'Beras Untuk Bantuan', '', 110000, 0, ''),
(858, '2018-11-28', 2, 4, 19, '', 0, 'BBM Mobil Kantor', '', 150000, 0, ''),
(859, '2018-11-28', 2, 4, 21, '', 0, 'Perlengkapan Kantor ', '', 25800, 0, ''),
(860, '2018-11-30', 2, 4, 24, '', 0, 'Biaya Fotocopy & Jilid', '', 35000, 0, ''),
(861, '2018-12-04', 2, 4, 29, '', 0, 'Listrik Kantor ( okt - nov)', '', 400000, 0, ''),
(862, '2018-12-04', 2, 4, 24, '', 0, 'Biaya Amil Camp (Tgl 4 - 12)', '', 8638150, 0, ''),
(863, '2018-12-05', 2, 4, 30, '', 0, 'Transfer Lazismu Pusat', '', 6000000, 0, ''),
(864, '2018-12-06', 2, 4, 24, '', 0, 'Biaya Amil Camp', '', 2000000, 0, ''),
(865, '2018-12-10', 2, 4, 24, '', 0, 'Obat Karyawan', '', 24000, 0, ''),
(866, '2018-12-10', 2, 4, 24, '', 0, 'Parkir Bandara ', '', 12000, 0, ''),
(867, '2018-12-10', 2, 4, 19, '', 0, 'BBM Mobil Kantor', '', 200000, 0, ''),
(868, '2018-12-10', 2, 4, 18, '', 0, 'Makanan Karyawan', '', 30000, 0, ''),
(869, '2018-12-11', 2, 4, 21, '', 0, 'Perlengkapan Kantor ', '', 7000, 0, ''),
(870, '2018-12-12', 2, 3, 31, '', 0, 'Beli semen SD Muh. 4 Parepare', '', 600000, 0, ''),
(871, '2018-12-13', 2, 4, 21, '', 0, 'Stifo Kantor', '', 5000, 0, ''),
(872, '2018-12-15', 2, 3, 31, '', 0, 'Biaya Pintu SD Muh. 4 Parepare', '', 1500000, 0, ''),
(873, '2018-12-17', 2, 3, 15, '', 0, 'Sumbangan Imam Parepare', '', 800000, 0, ''),
(874, '2018-12-21', 2, 3, 31, '', 0, 'Jilid Spiral Proposal SD Muh. 4 Parepare', '', 82000, 0, ''),
(875, '2018-12-22', 2, 4, 24, '', 0, 'Spanduk Lazismu', '', 60000, 0, ''),
(876, '2018-12-28', 2, 4, 22, '', 0, 'Wifi Kantor (Desember)', '', 385948, 0, ''),
(877, '2018-12-28', 2, 4, 24, '', 0, 'Sumbangan Masjid Babul Hasanah', '', 2000000, 0, '');

--
-- Indexes for dumped tables
--

--
-- Indexes for table `tb_akun`
--
ALTER TABLE `tb_akun`
  ADD PRIMARY KEY (`id_akun`);

--
-- Indexes for table `tb_amil`
--
ALTER TABLE `tb_amil`
  ADD PRIMARY KEY (`id_amil`);

--
-- Indexes for table `tb_jenis`
--
ALTER TABLE `tb_jenis`
  ADD PRIMARY KEY (`id_jenis`);

--
-- Indexes for table `tb_kategori`
--
ALTER TABLE `tb_kategori`
  ADD PRIMARY KEY (`id_kategori`);

--
-- Indexes for table `tb_mustahik`
--
ALTER TABLE `tb_mustahik`
  ADD PRIMARY KEY (`id_mustahik`);

--
-- Indexes for table `tb_muzakki`
--
ALTER TABLE `tb_muzakki`
  ADD PRIMARY KEY (`id_muzakki`);

--
-- Indexes for table `tb_nkategori`
--
ALTER TABLE `tb_nkategori`
  ADD PRIMARY KEY (`id_nkategori`);

--
-- Indexes for table `tb_transaksi`
--
ALTER TABLE `tb_transaksi`
  ADD PRIMARY KEY (`id_transaksi`);

--
-- AUTO_INCREMENT for dumped tables
--

--
-- AUTO_INCREMENT for table `tb_akun`
--
ALTER TABLE `tb_akun`
  MODIFY `id_akun` int(15) NOT NULL AUTO_INCREMENT, AUTO_INCREMENT=131;

--
-- AUTO_INCREMENT for table `tb_amil`
--
ALTER TABLE `tb_amil`
  MODIFY `id_amil` int(15) NOT NULL AUTO_INCREMENT, AUTO_INCREMENT=5;

--
-- AUTO_INCREMENT for table `tb_jenis`
--
ALTER TABLE `tb_jenis`
  MODIFY `id_jenis` int(15) NOT NULL AUTO_INCREMENT, AUTO_INCREMENT=32;

--
-- AUTO_INCREMENT for table `tb_kategori`
--
ALTER TABLE `tb_kategori`
  MODIFY `id_kategori` int(15) NOT NULL AUTO_INCREMENT, AUTO_INCREMENT=3;

--
-- AUTO_INCREMENT for table `tb_mustahik`
--
ALTER TABLE `tb_mustahik`
  MODIFY `id_mustahik` int(15) NOT NULL AUTO_INCREMENT, AUTO_INCREMENT=2;

--
-- AUTO_INCREMENT for table `tb_muzakki`
--
ALTER TABLE `tb_muzakki`
  MODIFY `id_muzakki` int(15) NOT NULL AUTO_INCREMENT, AUTO_INCREMENT=126;

--
-- AUTO_INCREMENT for table `tb_nkategori`
--
ALTER TABLE `tb_nkategori`
  MODIFY `id_nkategori` int(15) NOT NULL AUTO_INCREMENT, AUTO_INCREMENT=5;

--
-- AUTO_INCREMENT for table `tb_transaksi`
--
ALTER TABLE `tb_transaksi`
  MODIFY `id_transaksi` int(25) NOT NULL AUTO_INCREMENT, AUTO_INCREMENT=878;
COMMIT;

/*!40101 SET CHARACTER_SET_CLIENT=@OLD_CHARACTER_SET_CLIENT */;
/*!40101 SET CHARACTER_SET_RESULTS=@OLD_CHARACTER_SET_RESULTS */;
/*!40101 SET COLLATION_CONNECTION=@OLD_COLLATION_CONNECTION */;
